{"train_loss": 0.44556763768196106, "train_mse": 0.4455602467060089, "train_pearsonr": 0.7167826890945435, "train_poisson": 0.7043866515159607, "val_loss": 0.511069118976593, "val_mse": 0.5110048651695251, "val_pearsonr": 0.6535012722015381, "val_poisson": 0.7008458971977234, "_runtime": 15923, "_timestamp": 1632444900, "_step": 55}