{"train_loss": 0.39524319767951965, "train_mse": 1.2854562997817993, "train_pearsonr": 0.8211991786956787, "train_poisson": 0.39524611830711365, "val_loss": 0.5344462394714355, "val_mse": 2.3081281185150146, "val_pearsonr": 0.6638616919517517, "val_poisson": 0.5347774624824524, "_runtime": 3556, "_timestamp": 1632497372, "_step": 56}