{"train_loss": 0.46957436203956604, "train_mse": 0.744956910610199, "train_pearsonr": 0.849592387676239, "train_poisson": 0.4695664048194885, "val_loss": 0.5992071032524109, "val_mse": 1.2954885959625244, "val_pearsonr": 0.7108997106552124, "val_poisson": 0.5990350246429443, "_runtime": 39034, "_timestamp": 1634224784, "_step": 55}