{"train_loss": 0.3946801424026489, "train_mse": 1.2810934782028198, "train_pearsonr": 0.8217392563819885, "train_poisson": 0.3946872651576996, "val_loss": 0.5413123965263367, "val_mse": 2.3655858039855957, "val_pearsonr": 0.6530033349990845, "val_poisson": 0.5415481925010681, "_runtime": 3917, "_timestamp": 1632582477, "_step": 64}