{"train_loss": 0.7269606590270996, "train_mse": 0.7969459295272827, "train_pearsonr": 0.5668491125106812, "train_poisson": 0.7269594669342041, "val_loss": 0.7093568444252014, "val_mse": 0.7566261291503906, "val_pearsonr": 0.5718148946762085, "val_poisson": 0.7093737721443176, "_runtime": 13805, "_timestamp": 1631997275, "_step": 39}