{"train_loss": 0.3296152353286743, "train_mse": 1.1754580736160278, "train_pearsonr": 0.847131073474884, "train_poisson": 0.32956406474113464, "val_loss": 0.446329265832901, "val_mse": 2.0620384216308594, "val_pearsonr": 0.7197446227073669, "val_poisson": 0.44608238339424133, "_runtime": 38902, "_timestamp": 1634185120, "_step": 55}