{"train_loss": 0.6706680059432983, "train_mse": 0.561424732208252, "train_pearsonr": 0.7314208745956421, "train_poisson": 0.6706719398498535, "val_loss": 0.6896063089370728, "val_mse": 0.7386293411254883, "val_pearsonr": 0.6182478666305542, "val_poisson": 0.6896018981933594, "_runtime": 256118, "_timestamp": 1633559665, "_step": 64}