{"train_loss": 0.6974242329597473, "train_mse": 0.5982675552368164, "train_pearsonr": 0.6623189449310303, "train_poisson": 0.6974242925643921, "val_loss": 0.6859437227249146, "val_mse": 0.600614070892334, "val_pearsonr": 0.6479719877243042, "val_poisson": 0.6861108541488647, "_runtime": 8390, "_timestamp": 1631629616, "_step": 29}