{"train_loss": 0.7054198384284973, "train_mse": 0.6880466938018799, "train_pearsonr": 0.6364668011665344, "train_poisson": 0.7054211497306824, "val_loss": 0.6963898539543152, "val_mse": 0.7042850852012634, "val_pearsonr": 0.6127423644065857, "val_poisson": 0.6964442133903503, "_runtime": 16186, "_timestamp": 1632140075, "_step": 59}