{"train_loss": 0.7272007465362549, "train_mse": 0.7978439331054688, "train_pearsonr": 0.5662433505058289, "train_poisson": 0.7272002696990967, "val_loss": 0.7094267010688782, "val_mse": 0.7536836266517639, "val_pearsonr": 0.5746710896492004, "val_poisson": 0.7095168232917786, "_runtime": 11158, "_timestamp": 1631994594, "_step": 39}