{"train_loss": 0.6986193060874939, "train_mse": 0.5981916189193726, "train_pearsonr": 0.6624548435211182, "train_poisson": 0.69861900806427, "val_loss": 0.6892023682594299, "val_mse": 0.6115022897720337, "val_pearsonr": 0.6383844017982483, "val_poisson": 0.6892551183700562, "_runtime": 8167, "_timestamp": 1631622196, "_step": 29}