{"train_loss": 0.7241597771644592, "train_mse": 0.7876843810081482, "train_pearsonr": 0.5738102197647095, "train_poisson": 0.7241606116294861, "val_loss": 0.7074698805809021, "val_mse": 0.7483972907066345, "val_pearsonr": 0.5783303380012512, "val_poisson": 0.7074174880981445, "_runtime": 26304, "_timestamp": 1632068158, "_step": 39}