{"train_loss": 0.6689310073852539, "train_mse": 1.3874332904815674, "train_pearsonr": 0.6617555618286133, "train_poisson": 0.6689287424087524, "val_loss": 0.6749635934829712, "val_mse": 1.4066568613052368, "val_pearsonr": 0.642486572265625, "val_poisson": 0.6749736666679382, "_runtime": 19453, "_timestamp": 1632816911, "_step": 61}