{"train_loss": 0.7131010890007019, "train_mse": 0.6589401364326477, "train_pearsonr": 0.6193291544914246, "train_poisson": 0.7131015062332153, "val_loss": 0.7320674657821655, "val_mse": 0.7003232836723328, "val_pearsonr": 0.5734901428222656, "val_poisson": 0.7321184873580933, "_runtime": 16479, "_timestamp": 1631646820, "_step": 29}