{"train_loss": 0.3282497525215149, "train_mse": 1.1575841903686523, "train_pearsonr": 0.849230945110321, "train_poisson": 0.328277051448822, "val_loss": 0.44543400406837463, "val_mse": 2.0718722343444824, "val_pearsonr": 0.720262885093689, "val_poisson": 0.4451812505722046, "_runtime": 38946, "_timestamp": 1633432807, "_step": 55}