{"train_loss": 0.6393338441848755, "train_mse": 0.8040337562561035, "train_pearsonr": 0.7647752165794373, "train_poisson": 0.6393303871154785, "val_loss": 0.6719076037406921, "val_mse": 0.9921988844871521, "val_pearsonr": 0.6927921175956726, "val_poisson": 0.6719116568565369, "_runtime": 11665, "_timestamp": 1632772065, "_step": 60}