{"train_loss": 0.7273353934288025, "train_mse": 0.7996205687522888, "train_pearsonr": 0.5654280185699463, "train_poisson": 0.7273367047309875, "val_loss": 0.7101678252220154, "val_mse": 0.7573601603507996, "val_pearsonr": 0.5704289078712463, "val_poisson": 0.710154116153717, "_runtime": 13072, "_timestamp": 1632042870, "_step": 39}