{"train_loss": 0.7206103801727295, "train_mse": 0.6843571662902832, "train_pearsonr": 0.5991412997245789, "train_poisson": 0.7206095457077026, "val_loss": 0.7157474160194397, "val_mse": 0.6820120811462402, "val_pearsonr": 0.5855016112327576, "val_poisson": 0.715779185295105, "_runtime": 17521, "_timestamp": 1631646970, "_step": 29}