{"train_loss": -0.6188532710075378, "train_mse": 0.7638790607452393, "train_pearsonr": 0.6386843323707581, "train_poisson": 0.7446975708007812, "val_loss": -0.5851116180419922, "val_mse": 0.7510632276535034, "val_pearsonr": 0.6040189862251282, "val_poisson": 0.718877375125885, "_runtime": 18244, "_timestamp": 1632142144, "_step": 67}