{"train_loss": 0.7207326292991638, "train_mse": 0.7751227021217346, "train_pearsonr": 0.584143340587616, "train_poisson": 0.7207354307174683, "val_loss": 0.7051011323928833, "val_mse": 0.7385939359664917, "val_pearsonr": 0.58631831407547, "val_poisson": 0.7052626609802246, "_runtime": 27760, "_timestamp": 1632024624, "_step": 39}