{"train_loss": 0.35611411929130554, "train_mse": 1.4741723537445068, "train_pearsonr": 0.8124036192893982, "train_poisson": 0.3561097979545593, "val_loss": 0.4291548728942871, "val_mse": 2.0040791034698486, "val_pearsonr": 0.7347114682197571, "val_poisson": 0.42904213070869446, "_runtime": 47090, "_timestamp": 1633350631, "_step": 59}