{"train_loss": 0.3971649706363678, "train_mse": 1.2965656518936157, "train_pearsonr": 0.8196258544921875, "train_poisson": 0.3971683382987976, "val_loss": 0.5385633707046509, "val_mse": 2.3405981063842773, "val_pearsonr": 0.6564368009567261, "val_poisson": 0.5382146835327148, "_runtime": 3546, "_timestamp": 1632477248, "_step": 58}