{"train_loss": 0.7207147479057312, "train_mse": 0.7774036526679993, "train_pearsonr": 0.5826584100723267, "train_poisson": 0.7207159399986267, "val_loss": 0.7049094438552856, "val_mse": 0.740371584892273, "val_pearsonr": 0.5850287079811096, "val_poisson": 0.704891562461853, "_runtime": 26709, "_timestamp": 1632078511, "_step": 39}