{"train_loss": 0.6326866745948792, "train_mse": 0.6328979730606079, "train_pearsonr": 0.7988563776016235, "train_poisson": 0.6327052712440491, "val_loss": 0.7348478436470032, "val_mse": 0.7858468294143677, "val_pearsonr": 0.6966906785964966, "val_poisson": 0.7346287965774536, "_runtime": 4582, "_timestamp": 1632771056, "_step": 62}