{"train_loss": 0.7275729775428772, "train_mse": 0.7995914816856384, "train_pearsonr": 0.5646365880966187, "train_poisson": 0.7275738716125488, "val_loss": 0.7119291424751282, "val_mse": 0.7621071934700012, "val_pearsonr": 0.5699266791343689, "val_poisson": 0.7119247317314148, "_runtime": 26616, "_timestamp": 1632010091, "_step": 39}