{"train_loss": 0.6838090419769287, "train_mse": 0.5306004285812378, "train_pearsonr": 0.7075616121292114, "train_poisson": 0.6838093996047974, "val_loss": 0.6800534129142761, "val_mse": 0.5782999396324158, "val_pearsonr": 0.66111820936203, "val_poisson": 0.6800663471221924, "_runtime": 16651, "_timestamp": 1632768797, "_step": 60}