{"train_loss": 0.6220264434814453, "train_mse": 1.590084433555603, "train_pearsonr": 0.6832739114761353, "train_poisson": 0.6220124959945679, "val_loss": 0.6329318284988403, "val_mse": 1.6486279964447021, "val_pearsonr": 0.6589757204055786, "val_poisson": 0.6329590678215027, "_runtime": 18907, "_timestamp": 1632818146, "_step": 72}