{"train_loss": 0.3537713885307312, "train_mse": 1.430701494216919, "train_pearsonr": 0.81831955909729, "train_poisson": 0.35377079248428345, "val_loss": 0.4653843939304352, "val_mse": 2.236499071121216, "val_pearsonr": 0.701461911201477, "val_poisson": 0.4656629264354706, "_runtime": 57876, "_timestamp": 1633610513, "_step": 73}