{"train_loss": 0.7215732336044312, "train_mse": 0.7772528529167175, "train_pearsonr": 0.5806639790534973, "train_poisson": 0.721573531627655, "val_loss": 0.7051923871040344, "val_mse": 0.7391176223754883, "val_pearsonr": 0.585497260093689, "val_poisson": 0.7052072882652283, "_runtime": 13919, "_timestamp": 1632057422, "_step": 39}