{"train_loss": 0.35685664415359497, "train_mse": 1.4774202108383179, "train_pearsonr": 0.8117154240608215, "train_poisson": 0.35685503482818604, "val_loss": 0.431367963552475, "val_mse": 2.0298879146575928, "val_pearsonr": 0.7327465415000916, "val_poisson": 0.4312054514884949, "_runtime": 45754, "_timestamp": 1633595918, "_step": 57}