{"train_loss": 0.6655004620552063, "train_mse": 0.5440385937690735, "train_pearsonr": 0.7301366925239563, "train_poisson": 0.6655005812644958, "val_loss": 0.6880099773406982, "val_mse": 0.723316490650177, "val_pearsonr": 0.6034303903579712, "val_poisson": 0.687980592250824, "_runtime": 212177, "_timestamp": 1633718064, "_step": 76}