{"graph": {"_type": "graph-file", "path": "media/graph/graph_summary_3b4a0c8f8015ec034f2e.graph.json", "sha256": "3b4a0c8f8015ec034f2e105ac756ecde8d0ac3be4a71c4037f03d794b4d9f497", "size": 10506}, "epoch": 26, "loss": 0.2889800012219698, "auroc": 0.9218403100967407, "aupr": 0.8228130340576172, "val_loss": 0.3503104040848884, "val_auroc": 0.8871170878410339, "val_aupr": 0.7558711767196655, "lr": 3.200000264769187e-07, "_runtime": 21078, "_timestamp": 1634695807, "_step": 26, "best_val_loss": 0.3483550592581325, "best_epoch": 16}