{"train_loss": 0.7244033813476562, "train_mse": 0.7876656651496887, "train_pearsonr": 0.5735993981361389, "train_poisson": 0.7244052290916443, "val_loss": 0.7084330320358276, "val_mse": 0.7513874173164368, "val_pearsonr": 0.5771016478538513, "val_poisson": 0.7085404992103577, "_runtime": 27258, "_timestamp": 1632021518, "_step": 39}