{"train_loss": 0.48391294479370117, "train_mse": 2.0519015789031982, "train_pearsonr": 0.7287380695343018, "train_poisson": 0.483915239572525, "val_loss": 0.5455252528190613, "val_mse": 2.5899856090545654, "val_pearsonr": 0.63859623670578, "val_poisson": 0.5455538630485535, "_runtime": 13195, "_timestamp": 1632486925, "_step": 59}