{"train_loss": -0.7040300369262695, "train_mse": 56819.16015625, "train_pearsonr": 0.6997314691543579, "train_poisson": 192.01324462890625, "val_loss": -0.6530135869979858, "val_mse": 55505.44921875, "val_pearsonr": 0.6747408509254456, "val_poisson": 190.57070922851562, "_runtime": 17671, "_timestamp": 1632157661, "_step": 64}