{"train_loss": 0.7087792158126831, "train_mse": 0.6414885520935059, "train_pearsonr": 0.6312947869300842, "train_poisson": 0.7087820172309875, "val_loss": 0.6973598599433899, "val_mse": 0.6372389793395996, "val_pearsonr": 0.6220079064369202, "val_poisson": 0.6972695589065552, "_runtime": 8059, "_timestamp": 1631621224, "_step": 29}