{"train_loss": 0.6823841333389282, "train_mse": 0.5160813331604004, "train_pearsonr": 0.7273904085159302, "train_poisson": 0.6823791861534119, "val_loss": 0.6866325736045837, "val_mse": 0.6120043992996216, "val_pearsonr": 0.6576117277145386, "val_poisson": 0.6866390109062195, "_runtime": 221284, "_timestamp": 1633685977, "_step": 55}