{"train_loss": 0.3511104881763458, "train_mse": 1.0834062099456787, "train_pearsonr": 0.8511225581169128, "train_poisson": 0.3511051833629608, "val_loss": 0.4766382575035095, "val_mse": 1.9533203840255737, "val_pearsonr": 0.7163829803466797, "val_poisson": 0.4766486585140228, "_runtime": 43815, "_timestamp": 1633504788, "_step": 55}