{"train_loss": 0.725712776184082, "train_mse": 0.792072057723999, "train_pearsonr": 0.570313036441803, "train_poisson": 0.7257139086723328, "val_loss": 0.7091131210327148, "val_mse": 0.7547740340232849, "val_pearsonr": 0.5743733048439026, "val_poisson": 0.7090849876403809, "_runtime": 13309, "_timestamp": 1632051709, "_step": 39}