{"train_loss": 0.47413548827171326, "train_mse": 2.326432943344116, "train_pearsonr": 0.7039701342582703, "train_poisson": 0.474165141582489, "val_loss": 0.4842848777770996, "val_mse": 2.4814376831054688, "val_pearsonr": 0.6824087500572205, "val_poisson": 0.4839247465133667, "_runtime": 12336, "_timestamp": 1632506140, "_step": 61}