{"train_loss": 0.4383186101913452, "train_mse": 2.2457103729248047, "train_pearsonr": 0.7159192562103271, "train_poisson": 0.4383506178855896, "val_loss": 0.4433947503566742, "val_mse": 2.3489763736724854, "val_pearsonr": 0.7025348544120789, "val_poisson": 0.44303056597709656, "_runtime": 6319, "_timestamp": 1633022769, "_step": 39}