{"train_loss": 0.6798948049545288, "train_mse": 0.4988974630832672, "train_pearsonr": 0.7269212603569031, "train_poisson": 0.679894208908081, "val_loss": 0.6867884397506714, "val_mse": 0.6091126203536987, "val_pearsonr": 0.6387701630592346, "val_poisson": 0.686915397644043, "_runtime": 17002, "_timestamp": 1632510803, "_step": 61}