{"train_loss": 0.5735117197036743, "train_mse": 1.1610029935836792, "train_pearsonr": 0.7566577196121216, "train_poisson": 0.5734948515892029, "val_loss": 0.6031263470649719, "val_mse": 1.3531261682510376, "val_pearsonr": 0.7018681764602661, "val_poisson": 0.6041265726089478, "_runtime": 5914, "_timestamp": 1632844554, "_step": 76}