{"train_loss": 0.8242611885070801, "train_mse": 0.19563816487789154, "train_pearsonr": 0.7424497008323669, "train_poisson": 0.8242628574371338, "val_loss": 0.829441487789154, "val_mse": 0.23564602434635162, "val_pearsonr": 0.6760236620903015, "val_poisson": 0.8298712372779846, "_runtime": 10086, "_timestamp": 1632780851, "_step": 61}