{"train_loss": 0.7107558846473694, "train_mse": 0.6493850946426392, "train_pearsonr": 0.625055193901062, "train_poisson": 0.7107575535774231, "val_loss": 0.6985431909561157, "val_mse": 0.639274001121521, "val_pearsonr": 0.620743453502655, "val_poisson": 0.698530912399292, "_runtime": 8065, "_timestamp": 1631621211, "_step": 29}