{"train_loss": 0.7276756167411804, "train_mse": 0.7990744113922119, "train_pearsonr": 0.5642722249031067, "train_poisson": 0.7276760339736938, "val_loss": 0.7097650766372681, "val_mse": 0.7547993063926697, "val_pearsonr": 0.5732603669166565, "val_poisson": 0.7097280025482178, "_runtime": 11261, "_timestamp": 1632037115, "_step": 39}