{"train_loss": 0.7218198180198669, "train_mse": 0.6885291337966919, "train_pearsonr": 0.5945156216621399, "train_poisson": 0.7218199968338013, "val_loss": 0.7498599886894226, "val_mse": 0.7289749383926392, "val_pearsonr": 0.5668423771858215, "val_poisson": 0.7499430179595947, "_runtime": 8448, "_timestamp": 1631629946, "_step": 29}