{"train_loss": 0.688103973865509, "train_mse": 0.5540105104446411, "train_pearsonr": 0.6908056735992432, "train_poisson": 0.6881064772605896, "val_loss": 0.6853174567222595, "val_mse": 0.5995689630508423, "val_pearsonr": 0.6501846313476562, "val_poisson": 0.6852613687515259, "_runtime": 156824, "_timestamp": 1633586451, "_step": 56}