{"train_loss": 0.6617743372917175, "train_mse": 0.4212554395198822, "train_pearsonr": 0.7752320766448975, "train_poisson": 0.6617759466171265, "val_loss": 0.7007812857627869, "val_mse": 0.6700239181518555, "val_pearsonr": 0.5941135287284851, "val_poisson": 0.7007758617401123, "_runtime": 173112, "_timestamp": 1633716050, "_step": 62}