{"train_loss": 0.4602118134498596, "train_mse": 2.189321279525757, "train_pearsonr": 0.7215145230293274, "train_poisson": 0.4603192210197449, "val_loss": 0.47605350613594055, "val_mse": 2.3912739753723145, "val_pearsonr": 0.6913500428199768, "val_poisson": 0.47584936022758484, "_runtime": 6586, "_timestamp": 1632758703, "_step": 95}