{"train_loss": 0.36699631810188293, "train_mse": 1.0821411609649658, "train_pearsonr": 0.849786102771759, "train_poisson": 0.3670041263103485, "val_loss": 0.616389274597168, "val_mse": 2.791290044784546, "val_pearsonr": 0.5862828493118286, "val_poisson": 0.6166877150535583, "_runtime": 3643, "_timestamp": 1632497459, "_step": 61}