{"train_loss": -0.6177765727043152, "train_mse": 0.7600567936897278, "train_pearsonr": 0.6388064622879028, "train_poisson": 0.7586626410484314, "val_loss": -0.5813503861427307, "val_mse": 0.7430854439735413, "val_pearsonr": 0.6052483916282654, "val_poisson": 0.7296886444091797, "_runtime": 16146, "_timestamp": 1632140046, "_step": 59}