{"train_loss": 0.719691812992096, "train_mse": 0.7715857028961182, "train_pearsonr": 0.5859962701797485, "train_poisson": 0.7196918725967407, "val_loss": 0.7046449780464172, "val_mse": 0.7419358491897583, "val_pearsonr": 0.5859413743019104, "val_poisson": 0.7047922015190125, "_runtime": 28399, "_timestamp": 1632025819, "_step": 39}