{"train_loss": 0.6654390692710876, "train_mse": 0.5444261431694031, "train_pearsonr": 0.7307445406913757, "train_poisson": 0.6654404997825623, "val_loss": 0.6864810585975647, "val_mse": 0.7150760889053345, "val_pearsonr": 0.6094081401824951, "val_poisson": 0.6864095330238342, "_runtime": 173403, "_timestamp": 1633476918, "_step": 62}