{"train_loss": 0.7252272367477417, "train_mse": 0.7921181321144104, "train_pearsonr": 0.5708310604095459, "train_poisson": 0.7252272367477417, "val_loss": 0.7078404426574707, "val_mse": 0.7479133605957031, "val_pearsonr": 0.5775219202041626, "val_poisson": 0.7077949047088623, "_runtime": 25786, "_timestamp": 1632066697, "_step": 39}