{"train_loss": 0.6706933975219727, "train_mse": 0.5622192025184631, "train_pearsonr": 0.7306854724884033, "train_poisson": 0.6706893444061279, "val_loss": 0.6909983158111572, "val_mse": 0.7486405372619629, "val_pearsonr": 0.6132774353027344, "val_poisson": 0.6909946203231812, "_runtime": 264250, "_timestamp": 1633827926, "_step": 66}