{"train_loss": 0.7274646759033203, "train_mse": 0.7980651259422302, "train_pearsonr": 0.5654209852218628, "train_poisson": 0.7274662852287292, "val_loss": 0.710759162902832, "val_mse": 0.759678304195404, "val_pearsonr": 0.5722256898880005, "val_poisson": 0.710783064365387, "_runtime": 25938, "_timestamp": 1632063087, "_step": 39}