{"train_loss": 0.4735727310180664, "train_mse": 2.3432867527008057, "train_pearsonr": 0.7025554776191711, "train_poisson": 0.4736003577709198, "val_loss": 0.483022540807724, "val_mse": 2.4690585136413574, "val_pearsonr": 0.6843812465667725, "val_poisson": 0.4826242923736572, "_runtime": 13056, "_timestamp": 1632765201, "_step": 62}