{"train_loss": 0.7247881889343262, "train_mse": 0.7899945974349976, "train_pearsonr": 0.5711469054222107, "train_poisson": 0.7247897982597351, "val_loss": 0.7078710794448853, "val_mse": 0.7513461112976074, "val_pearsonr": 0.5757342576980591, "val_poisson": 0.7078518271446228, "_runtime": 26971, "_timestamp": 1632011341, "_step": 39}