{"train_loss": 0.7066208720207214, "train_mse": 0.6794302463531494, "train_pearsonr": 0.6629219055175781, "train_poisson": 0.7066253423690796, "val_loss": 0.7066304087638855, "val_mse": 0.7725620865821838, "val_pearsonr": 0.5886161923408508, "val_poisson": 0.706629753112793, "_runtime": 69332, "_timestamp": 1632543063, "_step": 60}