{"train_loss": 0.7172173261642456, "train_mse": 0.6733895540237427, "train_pearsonr": 0.6082343459129333, "train_poisson": 0.7172162532806396, "val_loss": 0.7269638180732727, "val_mse": 0.6951048374176025, "val_pearsonr": 0.5847466588020325, "val_poisson": 0.7270073890686035, "_runtime": 17307, "_timestamp": 1631646976, "_step": 29}