{"train_loss": 0.3324935734272003, "train_mse": 1.1879839897155762, "train_pearsonr": 0.8448694348335266, "train_poisson": 0.3325965702533722, "val_loss": 0.4492179751396179, "val_mse": 2.074069023132324, "val_pearsonr": 0.717621922492981, "val_poisson": 0.44896042346954346, "_runtime": 39029, "_timestamp": 1633555276, "_step": 55}