{"train_loss": 0.7156935930252075, "train_mse": 0.6664066314697266, "train_pearsonr": 0.6128331422805786, "train_poisson": 0.7156928777694702, "val_loss": 0.794511079788208, "val_mse": 0.837073564529419, "val_pearsonr": 0.4676864445209503, "val_poisson": 0.794510006904602, "_runtime": 15687, "_timestamp": 1631647557, "_step": 29}