{"train_loss": 0.6796492338180542, "train_mse": 0.6189486384391785, "train_pearsonr": 0.6989091038703918, "train_poisson": 0.6796539425849915, "val_loss": 0.6800760626792908, "val_mse": 0.6889512538909912, "val_pearsonr": 0.6500594019889832, "val_poisson": 0.6800767779350281, "_runtime": 234738, "_timestamp": 1633691831, "_step": 58}