{"train_loss": 0.3892219662666321, "train_mse": 1.9252716302871704, "train_pearsonr": 0.762247622013092, "train_poisson": 0.38934066891670227, "val_loss": 0.4232019782066345, "val_mse": 2.2614715099334717, "val_pearsonr": 0.717791736125946, "val_poisson": 0.4229782521724701, "_runtime": 12956, "_timestamp": 1633029406, "_step": 39}