{"train_loss": 0.6033874154090881, "train_mse": 0.6033433675765991, "train_pearsonr": 0.6828645467758179, "train_poisson": 0.6971881985664368, "val_loss": 0.6617609858512878, "val_mse": 0.6621659994125366, "val_pearsonr": 0.6270443201065063, "val_poisson": 0.6919037103652954, "_runtime": 17064, "_timestamp": 1632140965, "_step": 60}