{"train_loss": 0.7274423837661743, "train_mse": 0.7983561158180237, "train_pearsonr": 0.5653810501098633, "train_poisson": 0.7274437546730042, "val_loss": 0.709973156452179, "val_mse": 0.7550048232078552, "val_pearsonr": 0.5721659064292908, "val_poisson": 0.7099233865737915, "_runtime": 25871, "_timestamp": 1632061820, "_step": 39}