{"train_loss": 0.7210705280303955, "train_mse": 0.7751734852790833, "train_pearsonr": 0.5829810500144958, "train_poisson": 0.7210721373558044, "val_loss": 0.7058711647987366, "val_mse": 0.7429127097129822, "val_pearsonr": 0.5824657678604126, "val_poisson": 0.7059295773506165, "_runtime": 14613, "_timestamp": 1632011260, "_step": 39}