{"train_loss": 0.715213418006897, "train_mse": 0.7505193948745728, "train_pearsonr": 0.5989335775375366, "train_poisson": 0.7152137160301208, "val_loss": 0.7013140320777893, "val_mse": 0.7250092029571533, "val_pearsonr": 0.599721372127533, "val_poisson": 0.7014038562774658, "_runtime": 17152, "_timestamp": 1632028047, "_step": 39}