{"train_loss": 0.6441544890403748, "train_mse": 0.706392228603363, "train_pearsonr": 0.7787273526191711, "train_poisson": 0.6441540122032166, "val_loss": 0.6753247380256653, "val_mse": 0.8568782806396484, "val_pearsonr": 0.7185132503509521, "val_poisson": 0.6747607588768005, "_runtime": 4702, "_timestamp": 1632770533, "_step": 61}