{"train_loss": 0.6729642748832703, "train_mse": 0.4287472069263458, "train_pearsonr": 0.7775389552116394, "train_poisson": 0.6729642152786255, "val_loss": 0.7192873954772949, "val_mse": 0.7755244970321655, "val_pearsonr": 0.5583578944206238, "val_poisson": 0.7192847728729248, "_runtime": 17824, "_timestamp": 1632511640, "_step": 58}