{"train_loss": 0.40620872378349304, "train_mse": 1.6675827503204346, "train_pearsonr": 0.7767053246498108, "train_poisson": 0.4063437283039093, "val_loss": 0.43969371914863586, "val_mse": 1.976606845855713, "val_pearsonr": 0.7300443053245544, "val_poisson": 0.4393152892589569, "_runtime": 3898, "_timestamp": 1632497697, "_step": 61}