{"train_loss": 0.715175211429596, "train_mse": 0.7525898814201355, "train_pearsonr": 0.6000286340713501, "train_poisson": 0.7151718735694885, "val_loss": 0.7015060186386108, "val_mse": 0.7325810790061951, "val_pearsonr": 0.592176079750061, "val_poisson": 0.7015367150306702, "_runtime": 29135, "_timestamp": 1632038981, "_step": 39}