{"train_loss": 0.7159322500228882, "train_mse": 0.7557082176208496, "train_pearsonr": 0.5980635285377502, "train_poisson": 0.7159325480461121, "val_loss": 0.7032877802848816, "val_mse": 0.7370730638504028, "val_pearsonr": 0.5893703103065491, "val_poisson": 0.7032814621925354, "_runtime": 29248, "_timestamp": 1632038923, "_step": 39}