{"train_loss": 0.35820573568344116, "train_mse": 1.4838799238204956, "train_pearsonr": 0.8109505772590637, "train_poisson": 0.358201801776886, "val_loss": 0.4298880696296692, "val_mse": 2.00640606880188, "val_pearsonr": 0.7334915995597839, "val_poisson": 0.43007078766822815, "_runtime": 47252, "_timestamp": 1633501143, "_step": 59}