{"train_loss": 0.7055151462554932, "train_mse": 0.7039856910705566, "train_pearsonr": 0.6323004364967346, "train_poisson": 0.7055164575576782, "val_loss": 0.6946672797203064, "val_mse": 0.7016221880912781, "val_pearsonr": 0.6120677590370178, "val_poisson": 0.6946859359741211, "_runtime": 51470, "_timestamp": 1632525077, "_step": 63}