{"train_loss": 0.3276737332344055, "train_mse": 1.5287724733352661, "train_pearsonr": 0.8154858350753784, "train_poisson": 0.327804833650589, "val_loss": 0.3973901867866516, "val_mse": 2.1428873538970947, "val_pearsonr": 0.7359848022460938, "val_poisson": 0.3972388505935669, "_runtime": 43348, "_timestamp": 1633424308, "_step": 61}