{"train_loss": 0.7268261909484863, "train_mse": 0.7971980571746826, "train_pearsonr": 0.5664600729942322, "train_poisson": 0.726828396320343, "val_loss": 0.7100343108177185, "val_mse": 0.7577399015426636, "val_pearsonr": 0.570989727973938, "val_poisson": 0.7100112438201904, "_runtime": 13343, "_timestamp": 1631996802, "_step": 39}