{"train_loss": 0.7175050377845764, "train_mse": 0.6741282939910889, "train_pearsonr": 0.6074540615081787, "train_poisson": 0.7175065279006958, "val_loss": 0.7271125316619873, "val_mse": 0.7024980187416077, "val_pearsonr": 0.5782051086425781, "val_poisson": 0.7271876335144043, "_runtime": 17189, "_timestamp": 1631647129, "_step": 29}