{"train_loss": 0.38650503754615784, "train_mse": 1.9208709001541138, "train_pearsonr": 0.7633181214332581, "train_poisson": 0.3865014612674713, "val_loss": 0.42023640871047974, "val_mse": 2.2629809379577637, "val_pearsonr": 0.7183767557144165, "val_poisson": 0.42008188366889954, "_runtime": 12932, "_timestamp": 1633029382, "_step": 39}