{"train_loss": 0.7274579405784607, "train_mse": 0.7980772256851196, "train_pearsonr": 0.5653820633888245, "train_poisson": 0.7274574041366577, "val_loss": 0.7100026607513428, "val_mse": 0.7557916641235352, "val_pearsonr": 0.5722064971923828, "val_poisson": 0.7101882696151733, "_runtime": 26617, "_timestamp": 1632010129, "_step": 39}