{"train_loss": 0.7210740447044373, "train_mse": 0.7744096517562866, "train_pearsonr": 0.5822225213050842, "train_poisson": 0.7210757732391357, "val_loss": 0.7047543525695801, "val_mse": 0.7383158206939697, "val_pearsonr": 0.5853262543678284, "val_poisson": 0.7047393321990967, "_runtime": 26331, "_timestamp": 1632078538, "_step": 39}