{"train_loss": 0.7092905044555664, "train_mse": 0.7247428297996521, "train_pearsonr": 0.6178501844406128, "train_poisson": 0.7092899680137634, "val_loss": 0.6977217793464661, "val_mse": 0.7196401953697205, "val_pearsonr": 0.6046607494354248, "val_poisson": 0.6977964639663696, "_runtime": 31607, "_timestamp": 1632056243, "_step": 39}