{"train_loss": -0.7138367891311646, "train_mse": 0.24774505198001862, "train_pearsonr": 0.7337003946304321, "train_poisson": 0.7640544772148132, "val_loss": -0.6575599908828735, "val_mse": 0.265591025352478, "val_pearsonr": 0.6812756657600403, "val_poisson": 0.7479636669158936, "_runtime": 18913, "_timestamp": 1632161331, "_step": 69}