{"train_loss": 0.30965456366539, "train_mse": 1.2562642097473145, "train_pearsonr": 0.8455123901367188, "train_poisson": 0.3096230924129486, "val_loss": 0.42816415429115295, "val_mse": 2.2117154598236084, "val_pearsonr": 0.7174199223518372, "val_poisson": 0.4279302954673767, "_runtime": 40185, "_timestamp": 1634186403, "_step": 57}