{"train_loss": 0.670429527759552, "train_mse": 0.5542435050010681, "train_pearsonr": 0.7182104587554932, "train_poisson": 0.6704286932945251, "val_loss": 0.6632742881774902, "val_mse": 0.5820821523666382, "val_pearsonr": 0.6871140599250793, "val_poisson": 0.663190484046936, "_runtime": 247856, "_timestamp": 1635244947, "_step": 65}