{"train_loss": 0.7243054509162903, "train_mse": 0.7896072268486023, "train_pearsonr": 0.5727388262748718, "train_poisson": 0.7243070006370544, "val_loss": 0.7087981104850769, "val_mse": 0.7499001622200012, "val_pearsonr": 0.5769185423851013, "val_poisson": 0.7087255120277405, "_runtime": 26395, "_timestamp": 1632068248, "_step": 39}