{"train_loss": 0.3359593451023102, "train_mse": 0.9793657660484314, "train_pearsonr": 0.8647124171257019, "train_poisson": 0.3359644114971161, "val_loss": 0.5292028784751892, "val_mse": 2.2442092895507812, "val_pearsonr": 0.6742076873779297, "val_poisson": 0.5285776853561401, "_runtime": 52243, "_timestamp": 1633405821, "_step": 66}