{"train_loss": 0.7056508660316467, "train_mse": 0.7279045581817627, "train_pearsonr": 0.615802526473999, "train_poisson": 0.7056517004966736, "val_loss": 0.6895456314086914, "val_mse": 0.6910370588302612, "val_pearsonr": 0.6250278353691101, "val_poisson": 0.6895480751991272, "_runtime": 24942, "_timestamp": 1647921943, "_step": 47}