{"train_loss": 0.7038320302963257, "train_mse": 0.6211687922477722, "train_pearsonr": 0.6454930901527405, "train_poisson": 0.70383220911026, "val_loss": 0.691292405128479, "val_mse": 0.6184080243110657, "val_pearsonr": 0.634185791015625, "val_poisson": 0.6913719177246094, "_runtime": 8332, "_timestamp": 1631621552, "_step": 29}