{"train_loss": 0.6906251907348633, "train_mse": 0.567148745059967, "train_pearsonr": 0.6835318803787231, "train_poisson": 0.6906245946884155, "val_loss": 0.6841827630996704, "val_mse": 0.5995155572891235, "val_pearsonr": 0.6550900936126709, "val_poisson": 0.6842770576477051, "_runtime": 8471, "_timestamp": 1631629946, "_step": 29}