{"train_loss": 0.6621145009994507, "train_mse": 0.4213186502456665, "train_pearsonr": 0.7744833827018738, "train_poisson": 0.662116527557373, "val_loss": 0.702470600605011, "val_mse": 0.6761057376861572, "val_pearsonr": 0.5907182693481445, "val_poisson": 0.7025597095489502, "_runtime": 165197, "_timestamp": 1633549836, "_step": 59}