{"train_loss": 0.6897645592689514, "train_mse": 0.4220361113548279, "train_pearsonr": 0.7341846823692322, "train_poisson": 0.6897643804550171, "val_loss": 0.6898560523986816, "val_mse": 0.48443445563316345, "val_pearsonr": 0.673186182975769, "val_poisson": 0.6898380517959595, "_runtime": 19108, "_timestamp": 1632448080, "_step": 67}