{"train_loss": 0.7083513140678406, "train_mse": 0.6406059861183167, "train_pearsonr": 0.6324850916862488, "train_poisson": 0.7083531022071838, "val_loss": 0.6944640278816223, "val_mse": 0.6226469874382019, "val_pearsonr": 0.6273429989814758, "val_poisson": 0.6947206854820251, "_runtime": 7750, "_timestamp": 1631620915, "_step": 29}