{"train_loss": 0.6647945046424866, "train_mse": 1.3315374851226807, "train_pearsonr": 0.6735617518424988, "train_poisson": 0.6647918224334717, "val_loss": 0.6736456155776978, "val_mse": 1.373579978942871, "val_pearsonr": 0.6482067704200745, "val_poisson": 0.6736876368522644, "_runtime": 10882, "_timestamp": 1632763018, "_step": 56}