{"train_loss": 0.714881956577301, "train_mse": 0.7515023350715637, "train_pearsonr": 0.5997568964958191, "train_poisson": 0.7148798108100891, "val_loss": 0.7013990879058838, "val_mse": 0.7331442832946777, "val_pearsonr": 0.5968653559684753, "val_poisson": 0.7013664245605469, "_runtime": 29778, "_timestamp": 1632040819, "_step": 39}