{"train_loss": 0.6663046479225159, "train_mse": 0.426641047000885, "train_pearsonr": 0.7801250219345093, "train_poisson": 0.6663103103637695, "val_loss": 0.7097651362419128, "val_mse": 0.7222022414207458, "val_pearsonr": 0.5875008702278137, "val_poisson": 0.7097615599632263, "_runtime": 236346, "_timestamp": 1633716052, "_step": 59}