{"train_loss": 0.7136571407318115, "train_mse": 0.7451778650283813, "train_pearsonr": 0.6039517521858215, "train_poisson": 0.7136574983596802, "val_loss": 0.6999931931495667, "val_mse": 0.722506046295166, "val_pearsonr": 0.601355254650116, "val_poisson": 0.7000138759613037, "_runtime": 29473, "_timestamp": 1632097636, "_step": 39}