{"train_loss": 0.6834759712219238, "train_mse": 0.5276897549629211, "train_pearsonr": 0.7089744210243225, "train_poisson": 0.6834767460823059, "val_loss": 0.6809129118919373, "val_mse": 0.5821590423583984, "val_pearsonr": 0.6599149703979492, "val_poisson": 0.6808831095695496, "_runtime": 28474, "_timestamp": 1632542319, "_step": 61}