{"train_loss": 0.7180652022361755, "train_mse": 0.6763461232185364, "train_pearsonr": 0.6045626401901245, "train_poisson": 0.7180637717247009, "val_loss": 0.720906138420105, "val_mse": 0.6908390522003174, "val_pearsonr": 0.5895203351974487, "val_poisson": 0.7209044694900513, "_runtime": 17792, "_timestamp": 1631647731, "_step": 29}