{"train_loss": 0.7206131219863892, "train_mse": 0.7743762135505676, "train_pearsonr": 0.5837568044662476, "train_poisson": 0.720613956451416, "val_loss": 0.7056612372398376, "val_mse": 0.7409391403198242, "val_pearsonr": 0.5842075943946838, "val_poisson": 0.7056523561477661, "_runtime": 14772, "_timestamp": 1632009844, "_step": 39}