{"train_loss": 0.7191141247749329, "train_mse": 0.46542611718177795, "train_pearsonr": 0.752191960811615, "train_poisson": 0.7191107869148254, "val_loss": 0.7280147671699524, "val_mse": 0.5469892024993896, "val_pearsonr": 0.6949400305747986, "val_poisson": 0.7289953827857971, "_runtime": 9057, "_timestamp": 1632773273, "_step": 55}