{"train_loss": 0.7212560176849365, "train_mse": 0.6867750287055969, "train_pearsonr": 0.5963237881660461, "train_poisson": 0.7212553024291992, "val_loss": 0.7300451397895813, "val_mse": 0.70790034532547, "val_pearsonr": 0.5723728537559509, "val_poisson": 0.7302609086036682, "_runtime": 8859, "_timestamp": 1631630364, "_step": 29}