{"train_loss": 0.4686296582221985, "train_mse": 1.8949127197265625, "train_pearsonr": 0.7523139715194702, "train_poisson": 0.4686320126056671, "val_loss": 0.590157687664032, "val_mse": 2.8884007930755615, "val_pearsonr": 0.5896815657615662, "val_poisson": 0.5906365513801575, "_runtime": 12572, "_timestamp": 1632591152, "_step": 56}