{"train_loss": 0.36730003356933594, "train_mse": 1.0827301740646362, "train_pearsonr": 0.8494739532470703, "train_poisson": 0.36729922890663147, "val_loss": 0.6192678809165955, "val_mse": 2.831923246383667, "val_pearsonr": 0.5863306522369385, "val_poisson": 0.6189095377922058, "_runtime": 3588, "_timestamp": 1632477290, "_step": 60}