{"train_loss": 0.6707237958908081, "train_mse": 0.5616994500160217, "train_pearsonr": 0.730999231338501, "train_poisson": 0.6707266569137573, "val_loss": 0.6904755234718323, "val_mse": 0.7437591552734375, "val_pearsonr": 0.6144508123397827, "val_poisson": 0.6904720664024353, "_runtime": 232574, "_timestamp": 1633692351, "_step": 58}