{"train_loss": 0.6770902872085571, "train_mse": 0.4894580841064453, "train_pearsonr": 0.743645966053009, "train_poisson": 0.6770902872085571, "val_loss": 0.6867591738700867, "val_mse": 0.6121095418930054, "val_pearsonr": 0.658093273639679, "val_poisson": 0.6867578625679016, "_runtime": 222362, "_timestamp": 1633811703, "_step": 55}