{"train_loss": 0.6730412840843201, "train_mse": 0.4286406636238098, "train_pearsonr": 0.7776915431022644, "train_poisson": 0.6730468273162842, "val_loss": 0.7198486328125, "val_mse": 0.7787541747093201, "val_pearsonr": 0.558516800403595, "val_poisson": 0.7198569178581238, "_runtime": 16859, "_timestamp": 1632595419, "_step": 56}