{"train_loss": 0.7031481862068176, "train_mse": 0.674273669719696, "train_pearsonr": 0.6451593637466431, "train_poisson": 0.7031493186950684, "val_loss": 0.6950182914733887, "val_mse": 0.6893704533576965, "val_pearsonr": 0.6162818670272827, "val_poisson": 0.6950172185897827, "_runtime": 19663, "_timestamp": 1632771780, "_step": 68}