{"train_loss": 0.7066957950592041, "train_mse": 1.0230804681777954, "train_pearsonr": 0.6498829126358032, "train_poisson": 0.7066964507102966, "val_loss": 0.705227255821228, "val_mse": 1.0454503297805786, "val_pearsonr": 0.6272653937339783, "val_poisson": 0.7051892280578613, "_runtime": 31547, "_timestamp": 1632796982, "_step": 65}