{"train_loss": 0.6829121112823486, "train_mse": 0.6097140908241272, "train_pearsonr": 0.768611490726471, "train_poisson": 0.6829115748405457, "val_loss": 0.7091261744499207, "val_mse": 0.743390679359436, "val_pearsonr": 0.7048901915550232, "val_poisson": 0.7091960310935974, "_runtime": 6374, "_timestamp": 1632770647, "_step": 58}