{"train_loss": 0.6902351379394531, "train_mse": 0.42360106110572815, "train_pearsonr": 0.7329927086830139, "train_poisson": 0.6902368664741516, "val_loss": 0.6903892755508423, "val_mse": 0.49134039878845215, "val_pearsonr": 0.6707594394683838, "val_poisson": 0.6903379559516907, "_runtime": 16815, "_timestamp": 1632775690, "_step": 61}