{"train_loss": 0.7085866332054138, "train_mse": 0.7230725884437561, "train_pearsonr": 0.6126430630683899, "train_poisson": 0.7085857391357422, "val_loss": 0.6919776797294617, "val_mse": 0.6868193745613098, "val_pearsonr": 0.6189994812011719, "val_poisson": 0.6919369697570801, "_runtime": 16267, "_timestamp": 1646703388, "_step": 31}