{"train_loss": 0.7093668580055237, "train_mse": 0.6430217623710632, "train_pearsonr": 0.6299593448638916, "train_poisson": 0.709367036819458, "val_loss": 0.6949567198753357, "val_mse": 0.6261243224143982, "val_pearsonr": 0.6247329711914062, "val_poisson": 0.6949050426483154, "_runtime": 7777, "_timestamp": 1631620943, "_step": 29}