{"train_loss": 0.7159720659255981, "train_mse": 0.6672282218933105, "train_pearsonr": 0.6110861897468567, "train_poisson": 0.7159740328788757, "val_loss": 0.8235507607460022, "val_mse": 1.0748950242996216, "val_pearsonr": 0.435806006193161, "val_poisson": 0.8236128687858582, "_runtime": 9555, "_timestamp": 1631653627, "_step": 29}