{"train_loss": 0.6960738897323608, "train_mse": 0.6959779858589172, "train_pearsonr": 0.6316924691200256, "train_poisson": 0.7149403095245361, "val_loss": 0.717609167098999, "val_mse": 0.7178341746330261, "val_pearsonr": 0.5938358306884766, "val_poisson": 0.7049702405929565, "_runtime": 16478, "_timestamp": 1632140368, "_step": 59}