{"train_loss": 0.7184531092643738, "train_mse": 0.4592614471912384, "train_pearsonr": 0.7858970761299133, "train_poisson": 0.7184339761734009, "val_loss": 0.7514789700508118, "val_mse": 0.5909178853034973, "val_pearsonr": 0.7107656002044678, "val_poisson": 0.7516220211982727, "_runtime": 6097, "_timestamp": 1632775627, "_step": 68}