{"train_loss": 0.832354724407196, "train_mse": 0.25027787685394287, "train_pearsonr": 0.7500006556510925, "train_poisson": 0.832352876663208, "val_loss": 0.8507147431373596, "val_mse": 0.31190937757492065, "val_pearsonr": 0.6706057786941528, "val_poisson": 0.8507151007652283, "_runtime": 6623, "_timestamp": 1632777764, "_step": 55}