{"train_loss": 0.7224481701850891, "train_mse": 0.6916815638542175, "train_pearsonr": 0.5927968621253967, "train_poisson": 0.7224500179290771, "val_loss": 0.7187660336494446, "val_mse": 0.6932204961776733, "val_pearsonr": 0.5769156217575073, "val_poisson": 0.7188029289245605, "_runtime": 8563, "_timestamp": 1631630060, "_step": 29}