{"train_loss": 0.6796694397926331, "train_mse": 0.4728251099586487, "train_pearsonr": 0.7528448700904846, "train_poisson": 0.679668128490448, "val_loss": 0.7004849910736084, "val_mse": 0.6820533275604248, "val_pearsonr": 0.617956280708313, "val_poisson": 0.7004890441894531, "_runtime": 18628, "_timestamp": 1632512444, "_step": 58}