{"train_loss": 0.727279782295227, "train_mse": 0.8014497756958008, "train_pearsonr": 0.5657160878181458, "train_poisson": 0.7272799015045166, "val_loss": 0.7101832032203674, "val_mse": 0.7570147514343262, "val_pearsonr": 0.5719768404960632, "val_poisson": 0.7103002667427063, "_runtime": 13839, "_timestamp": 1632042419, "_step": 39}