{"graph": {"_type": "graph-file", "path": "media/graph/graph_summary_3ee77db1176ed2593373.graph.json", "sha256": "3ee77db1176ed25933738f5944a9e5b23106124c8ed304755e9a5f1e2ad081b2", "size": 10506}, "epoch": 29, "loss": 0.29912623219836426, "auroc": 0.9153560400009155, "aupr": 0.8115238547325134, "val_loss": 0.35452558605072987, "val_auroc": 0.8838082551956177, "val_aupr": 0.7490736246109009, "lr": 3.200000264769187e-07, "_runtime": 23432, "_timestamp": 1637114581, "_step": 29, "best_val_loss": 0.3524171667881229, "best_epoch": 19}