{"train_loss": 0.7238145470619202, "train_mse": 0.786787211894989, "train_pearsonr": 0.5745561122894287, "train_poisson": 0.7238138914108276, "val_loss": 0.7089977264404297, "val_mse": 0.7535649538040161, "val_pearsonr": 0.5773957967758179, "val_poisson": 0.7090051770210266, "_runtime": 25946, "_timestamp": 1632067795, "_step": 39}