{"train_loss": 0.6841403841972351, "train_mse": 0.5863131880760193, "train_pearsonr": 0.6932293176651001, "train_poisson": 0.6841417551040649, "val_loss": 0.6800792217254639, "val_mse": 0.6343515515327454, "val_pearsonr": 0.6464388370513916, "val_poisson": 0.680035412311554, "_runtime": 15047, "_timestamp": 1632138948, "_step": 55}