{"train_loss": 0.6970588564872742, "train_mse": 0.5954080820083618, "train_pearsonr": 0.6637415289878845, "train_poisson": 0.6970593929290771, "val_loss": 0.6870058178901672, "val_mse": 0.6062596440315247, "val_pearsonr": 0.6507521271705627, "val_poisson": 0.6869964599609375, "_runtime": 8561, "_timestamp": 1631629886, "_step": 29}