{"train_loss": 0.7255021333694458, "train_mse": 0.792974591255188, "train_pearsonr": 0.5696790218353271, "train_poisson": 0.7255017757415771, "val_loss": 0.7092522978782654, "val_mse": 0.7553378343582153, "val_pearsonr": 0.5737653970718384, "val_poisson": 0.7091696262359619, "_runtime": 13777, "_timestamp": 1632052708, "_step": 39}