{"train_loss": 0.7053284645080566, "train_mse": 0.9962906837463379, "train_pearsonr": 0.6563541293144226, "train_poisson": 0.7053189277648926, "val_loss": 0.7054855823516846, "val_mse": 1.0286725759506226, "val_pearsonr": 0.6292818784713745, "val_poisson": 0.7054815292358398, "_runtime": 18078, "_timestamp": 1632770214, "_step": 62}