{"train_loss": 0.3053991496562958, "train_mse": 1.0124796628952026, "train_pearsonr": 0.867293655872345, "train_poisson": 0.3054424226284027, "val_loss": 0.505750834941864, "val_mse": 2.3608267307281494, "val_pearsonr": 0.6737215518951416, "val_poisson": 0.5054874420166016, "_runtime": 38938, "_timestamp": 1633463964, "_step": 55}