{"train_loss": 0.7033434510231018, "train_mse": 0.6815643906593323, "train_pearsonr": 0.6467878818511963, "train_poisson": 0.7033431529998779, "val_loss": 0.6986283659934998, "val_mse": 0.7249893546104431, "val_pearsonr": 0.5948430895805359, "val_poisson": 0.698718249797821, "_runtime": 49124, "_timestamp": 1632542928, "_step": 61}