{"train_loss": 0.7805444598197937, "train_mse": 0.14017052948474884, "train_pearsonr": 0.7408825159072876, "train_poisson": 0.7805454134941101, "val_loss": 0.7742176055908203, "val_mse": 0.16425950825214386, "val_pearsonr": 0.6811704039573669, "val_poisson": 0.7742430567741394, "_runtime": 16056, "_timestamp": 1632158537, "_step": 58}