{"train_loss": 0.7210267186164856, "train_mse": 0.7756697535514832, "train_pearsonr": 0.5819817781448364, "train_poisson": 0.7210272550582886, "val_loss": 0.7058173418045044, "val_mse": 0.746551513671875, "val_pearsonr": 0.5809839963912964, "val_poisson": 0.7057867050170898, "_runtime": 14254, "_timestamp": 1632057656, "_step": 39}