{"train_loss": 0.7025707960128784, "train_mse": 0.6398428678512573, "train_pearsonr": 0.686002790927887, "train_poisson": 0.7025733590126038, "val_loss": 0.7165023684501648, "val_mse": 0.8258453607559204, "val_pearsonr": 0.5520036220550537, "val_poisson": 0.7165084481239319, "_runtime": 65294, "_timestamp": 1632559157, "_step": 57}