{"train_loss": 0.6631403565406799, "train_mse": 0.5306957364082336, "train_pearsonr": 0.7328023314476013, "train_poisson": 0.6631409525871277, "val_loss": 0.6591271162033081, "val_mse": 0.5729804039001465, "val_pearsonr": 0.6928040981292725, "val_poisson": 0.6590832471847534, "_runtime": 243908, "_timestamp": 1635241005, "_step": 61}