{"train_loss": 0.7045765519142151, "train_mse": 0.6258302927017212, "train_pearsonr": 0.6424335837364197, "train_poisson": 0.7045788764953613, "val_loss": 0.6915000081062317, "val_mse": 0.6140381693840027, "val_pearsonr": 0.6335486173629761, "val_poisson": 0.6914883255958557, "_runtime": 8090, "_timestamp": 1631621303, "_step": 29}