{"train_loss": 0.7209662199020386, "train_mse": 0.6850576400756836, "train_pearsonr": 0.5978516936302185, "train_poisson": 0.7209681868553162, "val_loss": 0.7339569330215454, "val_mse": 0.7276856303215027, "val_pearsonr": 0.5783359408378601, "val_poisson": 0.7341188192367554, "_runtime": 9561, "_timestamp": 1631631761, "_step": 29}