{"train_loss": 0.7166348099708557, "train_mse": 0.670940101146698, "train_pearsonr": 0.6097689270973206, "train_poisson": 0.7166367173194885, "val_loss": 0.7356553077697754, "val_mse": 0.7156051397323608, "val_pearsonr": 0.5813677310943604, "val_poisson": 0.7357252836227417, "_runtime": 16234, "_timestamp": 1631646188, "_step": 29}