{"train_loss": 0.38196632266044617, "train_mse": 1.4630943536758423, "train_pearsonr": 0.8062968850135803, "train_poisson": 0.38197585940361023, "val_loss": 0.4679781496524811, "val_mse": 2.155467987060547, "val_pearsonr": 0.7030355930328369, "val_poisson": 0.46768561005592346, "_runtime": 4166, "_timestamp": 1632497965, "_step": 65}