{"train_loss": 0.702951967716217, "train_mse": 0.6792773008346558, "train_pearsonr": 0.648217499256134, "train_poisson": 0.7029508948326111, "val_loss": 0.6981067061424255, "val_mse": 0.7232500314712524, "val_pearsonr": 0.5960245728492737, "val_poisson": 0.6982184052467346, "_runtime": 49430, "_timestamp": 1632523038, "_step": 61}