{"train_loss": 0.7428255677223206, "train_mse": 0.36336904764175415, "train_pearsonr": 0.8057001829147339, "train_poisson": 0.7428077459335327, "val_loss": 0.8332037925720215, "val_mse": 0.695393443107605, "val_pearsonr": 0.6145039200782776, "val_poisson": 0.8329245448112488, "_runtime": 39870, "_timestamp": 1634227789, "_step": 56}