{"train_loss": 0.3339780569076538, "train_mse": 0.9681383967399597, "train_pearsonr": 0.866426408290863, "train_poisson": 0.3339780569076538, "val_loss": 0.5275088548660278, "val_mse": 2.2436227798461914, "val_pearsonr": 0.6737195253372192, "val_poisson": 0.5277970433235168, "_runtime": 54737, "_timestamp": 1633643132, "_step": 69}