{"train_loss": 0.7261327505111694, "train_mse": 0.7931240797042847, "train_pearsonr": 0.5692391991615295, "train_poisson": 0.7261330485343933, "val_loss": 0.7100461721420288, "val_mse": 0.7558016180992126, "val_pearsonr": 0.575008749961853, "val_poisson": 0.7101617455482483, "_runtime": 25207, "_timestamp": 1632065400, "_step": 39}