{"train_loss": -0.6652430891990662, "train_mse": 0.8998123407363892, "train_pearsonr": 0.6894933581352234, "train_poisson": 0.8734232187271118, "val_loss": -0.6135990023612976, "val_mse": 0.8759288191795349, "val_pearsonr": 0.6369472742080688, "val_poisson": 0.8376176357269287, "_runtime": 18289, "_timestamp": 1632142190, "_step": 67}