{"train_loss": 0.7061606645584106, "train_mse": 0.7137054204940796, "train_pearsonr": 0.6199644804000854, "train_poisson": 0.7061609029769897, "val_loss": 0.6870967745780945, "val_mse": 0.6730853319168091, "val_pearsonr": 0.632452666759491, "val_poisson": 0.6870898604393005, "_runtime": 29397, "_timestamp": 1635026504, "_step": 61}