{"train_loss": 0.7252389788627625, "train_mse": 0.7913767695426941, "train_pearsonr": 0.5704467296600342, "train_poisson": 0.7252382636070251, "val_loss": 0.70732581615448, "val_mse": 0.748562753200531, "val_pearsonr": 0.5788263082504272, "val_poisson": 0.7073320746421814, "_runtime": 13937, "_timestamp": 1632052365, "_step": 39}