{"train_loss": 0.7089682817459106, "train_mse": 0.7247492671012878, "train_pearsonr": 0.618277370929718, "train_poisson": 0.7089682221412659, "val_loss": 0.6964537501335144, "val_mse": 0.7108422517776489, "val_pearsonr": 0.6073588132858276, "val_poisson": 0.696492612361908, "_runtime": 31356, "_timestamp": 1632055785, "_step": 39}