{"train_loss": 0.7298688888549805, "train_mse": 0.7813256978988647, "train_pearsonr": 0.5706237554550171, "train_poisson": 0.7298693060874939, "val_loss": 0.7128949761390686, "val_mse": 0.7419669032096863, "val_pearsonr": 0.5746259093284607, "val_poisson": 0.7128967046737671, "_runtime": 37059, "_timestamp": 1635034156, "_step": 65}