{"train_loss": 0.5491544604301453, "train_mse": 0.5491328835487366, "train_pearsonr": 0.6951815485954285, "train_poisson": 0.6965962052345276, "val_loss": 0.6063870191574097, "val_mse": 0.6061939001083374, "val_pearsonr": 0.6408142447471619, "val_poisson": 0.6912069320678711, "_runtime": 16468, "_timestamp": 1632140371, "_step": 59}