{"train_loss": 0.43127337098121643, "train_mse": 1.3088510036468506, "train_pearsonr": 0.7974898815155029, "train_poisson": 0.431376188993454, "val_loss": 0.48316532373428345, "val_mse": 1.6595529317855835, "val_pearsonr": 0.7334839105606079, "val_poisson": 0.48284024000167847, "_runtime": 3456, "_timestamp": 1632760991, "_step": 55}