{"train_loss": 0.7158595323562622, "train_mse": 0.7537978887557983, "train_pearsonr": 0.5978564023971558, "train_poisson": 0.7158612012863159, "val_loss": 0.7031115889549255, "val_mse": 0.7361683249473572, "val_pearsonr": 0.5895678400993347, "val_poisson": 0.7030860781669617, "_runtime": 28562, "_timestamp": 1632086653, "_step": 39}