{"train_loss": 0.4480148255825043, "train_mse": 2.311234712600708, "train_pearsonr": 0.7060824632644653, "train_poisson": 0.44803211092948914, "val_loss": 0.45256805419921875, "val_mse": 2.405991792678833, "val_pearsonr": 0.6951493620872498, "val_poisson": 0.4522636830806732, "_runtime": 6186, "_timestamp": 1633022636, "_step": 39}