{"train_loss": 0.7429875731468201, "train_mse": 0.22409161925315857, "train_pearsonr": 0.743194580078125, "train_poisson": 0.7429888248443604, "val_loss": 0.738444447517395, "val_mse": 0.25877898931503296, "val_pearsonr": 0.6877325773239136, "val_poisson": 0.7384612560272217, "_runtime": 26537, "_timestamp": 1632795488, "_step": 55}