{"train_loss": 0.6647045016288757, "train_mse": 0.41979697346687317, "train_pearsonr": 0.784115731716156, "train_poisson": 0.6647099852561951, "val_loss": 0.7067016363143921, "val_mse": 0.7141976356506348, "val_pearsonr": 0.5970906019210815, "val_poisson": 0.7067039608955383, "_runtime": 224535, "_timestamp": 1633631140, "_step": 56}