{"train_loss": 0.7100574970245361, "train_mse": 0.6465625762939453, "train_pearsonr": 0.6266446709632874, "train_poisson": 0.7100578546524048, "val_loss": 0.6978574395179749, "val_mse": 0.6409818530082703, "val_pearsonr": 0.6196394562721252, "val_poisson": 0.6978662610054016, "_runtime": 7790, "_timestamp": 1631620937, "_step": 29}