{"train_loss": 0.6767739057540894, "train_mse": 0.6091844439506531, "train_pearsonr": 0.6913106441497803, "train_poisson": 0.6767755150794983, "val_loss": 0.665118396282196, "val_mse": 0.6138752102851868, "val_pearsonr": 0.6723765134811401, "val_poisson": 0.6651402115821838, "_runtime": 406818, "_timestamp": 1635332682, "_step": 73}