{"train_loss": 0.6744997501373291, "train_mse": 0.5983789563179016, "train_pearsonr": 0.6989545226097107, "train_poisson": 0.6745007634162903, "val_loss": 0.6757656335830688, "val_mse": 0.6709146499633789, "val_pearsonr": 0.640121340751648, "val_poisson": 0.6759016513824463, "_runtime": 165443, "_timestamp": 1633557489, "_step": 59}