{"train_loss": -0.5986171960830688, "train_mse": 0.7471626996994019, "train_pearsonr": 0.6142072081565857, "train_poisson": 0.7369158864021301, "val_loss": -0.5708358883857727, "val_mse": 0.7332035303115845, "val_pearsonr": 0.5945559740066528, "val_poisson": 0.7134381532669067, "_runtime": 45403, "_timestamp": 1632345970, "_step": 57}