{"train_loss": 0.7648249864578247, "train_mse": 0.3150070607662201, "train_pearsonr": 0.7564600706100464, "train_poisson": 0.7648113369941711, "val_loss": 0.7748055458068848, "val_mse": 0.37990039587020874, "val_pearsonr": 0.6934062838554382, "val_poisson": 0.7746196389198303, "_runtime": 9479, "_timestamp": 1632778550, "_step": 60}