{"train_loss": 0.7215074300765991, "train_mse": 0.687730073928833, "train_pearsonr": 0.5964519381523132, "train_poisson": 0.721508800983429, "val_loss": 0.7196711301803589, "val_mse": 0.6964582800865173, "val_pearsonr": 0.5760918259620667, "val_poisson": 0.7196027636528015, "_runtime": 7940, "_timestamp": 1631629445, "_step": 29}