{"train_loss": 0.5097048878669739, "train_mse": 0.9646338820457458, "train_pearsonr": 0.8029128313064575, "train_poisson": 0.5097650289535522, "val_loss": 0.5745487809181213, "val_mse": 1.1854281425476074, "val_pearsonr": 0.7370468974113464, "val_poisson": 0.5742079615592957, "_runtime": 6257, "_timestamp": 1632768773, "_step": 55}