{"train_loss": 0.6749571561813354, "train_mse": 0.6009179353713989, "train_pearsonr": 0.6960684657096863, "train_poisson": 0.6749598979949951, "val_loss": 0.6648380756378174, "val_mse": 0.603835940361023, "val_pearsonr": 0.6786910891532898, "val_poisson": 0.664766252040863, "_runtime": 231608, "_timestamp": 1635157840, "_step": 63}