{"train_loss": 0.3818349540233612, "train_mse": 1.4716951847076416, "train_pearsonr": 0.8054120540618896, "train_poisson": 0.3818838894367218, "val_loss": 0.47069352865219116, "val_mse": 2.166959285736084, "val_pearsonr": 0.7008855938911438, "val_poisson": 0.4705672264099121, "_runtime": 5170, "_timestamp": 1632478724, "_step": 80}