{"train_loss": 0.32705897092819214, "train_mse": 1.4919291734695435, "train_pearsonr": 0.8206493258476257, "train_poisson": 0.32710814476013184, "val_loss": 0.4506526589393616, "val_mse": 2.4606919288635254, "val_pearsonr": 0.6922846436500549, "val_poisson": 0.4503282904624939, "_runtime": 41047, "_timestamp": 1633428927, "_step": 58}