{"train_loss": 0.696156919002533, "train_mse": 0.5936938524246216, "train_pearsonr": 0.6655454039573669, "train_poisson": 0.6961581707000732, "val_loss": 0.6872352957725525, "val_mse": 0.6129099726676941, "val_pearsonr": 0.6474526524543762, "val_poisson": 0.6871688961982727, "_runtime": 8582, "_timestamp": 1631629887, "_step": 29}