{"train_loss": 0.7146794199943542, "train_mse": 0.7497857213020325, "train_pearsonr": 0.6010956168174744, "train_poisson": 0.7146795988082886, "val_loss": 0.6999638676643372, "val_mse": 0.7198269963264465, "val_pearsonr": 0.6004205942153931, "val_poisson": 0.7000918984413147, "_runtime": 16568, "_timestamp": 1632080033, "_step": 39}