{"train_loss": 0.33590662479400635, "train_mse": 1.595739722251892, "train_pearsonr": 0.8076700568199158, "train_poisson": 0.335834264755249, "val_loss": 0.40859347581863403, "val_mse": 2.1901252269744873, "val_pearsonr": 0.7298292517662048, "val_poisson": 0.40823981165885925, "_runtime": 42833, "_timestamp": 1633533451, "_step": 61}