{"train_loss": 0.6261388659477234, "train_mse": 1.0149294137954712, "train_pearsonr": 0.7403537631034851, "train_poisson": 0.626134991645813, "val_loss": 0.6506314277648926, "val_mse": 1.17339026927948, "val_pearsonr": 0.6857577562332153, "val_poisson": 0.6505790948867798, "_runtime": 7069, "_timestamp": 1632764075, "_step": 60}