{"train_loss": 0.7251453399658203, "train_mse": 0.7914958000183105, "train_pearsonr": 0.5712514519691467, "train_poisson": 0.7251451015472412, "val_loss": 0.7083554863929749, "val_mse": 0.7555773854255676, "val_pearsonr": 0.5751994252204895, "val_poisson": 0.7084150910377502, "_runtime": 13207, "_timestamp": 1632052200, "_step": 39}