{"train_loss": 0.33115360140800476, "train_mse": 1.5485925674438477, "train_pearsonr": 0.8131737112998962, "train_poisson": 0.3313678205013275, "val_loss": 0.39993971586227417, "val_mse": 2.1439831256866455, "val_pearsonr": 0.734692394733429, "val_poisson": 0.39972972869873047, "_runtime": 45743, "_timestamp": 1634191957, "_step": 65}