{"train_loss": 0.4600694179534912, "train_mse": 2.1869256496429443, "train_pearsonr": 0.7255004048347473, "train_poisson": 0.46012386679649353, "val_loss": 0.5009526610374451, "val_mse": 2.6015305519104004, "val_pearsonr": 0.6628313064575195, "val_poisson": 0.5006428956985474, "_runtime": 11547, "_timestamp": 1632590044, "_step": 57}