{"train_loss": 0.6633382439613342, "train_mse": 0.4136902987957001, "train_pearsonr": 0.7870461940765381, "train_poisson": 0.6633357405662537, "val_loss": 0.707279622554779, "val_mse": 0.7186347246170044, "val_pearsonr": 0.5932026505470276, "val_poisson": 0.7072761058807373, "_runtime": 221389, "_timestamp": 1633812334, "_step": 55}