{"train_loss": 0.7102150917053223, "train_mse": 0.6484066843986511, "train_pearsonr": 0.6257501244544983, "train_poisson": 0.7102154493331909, "val_loss": 0.6958063244819641, "val_mse": 0.624782919883728, "val_pearsonr": 0.6245698928833008, "val_poisson": 0.6957733631134033, "_runtime": 8278, "_timestamp": 1631621422, "_step": 29}