{"train_loss": 0.6911351680755615, "train_mse": 0.5692619681358337, "train_pearsonr": 0.6822798848152161, "train_poisson": 0.6911361217498779, "val_loss": 0.6833183765411377, "val_mse": 0.594939649105072, "val_pearsonr": 0.6542559862136841, "val_poisson": 0.6833852529525757, "_runtime": 9176, "_timestamp": 1631630654, "_step": 29}