{"train_loss": 0.7147454023361206, "train_mse": 0.7507560849189758, "train_pearsonr": 0.6008304953575134, "train_poisson": 0.714745819568634, "val_loss": 0.7012088298797607, "val_mse": 0.7232571244239807, "val_pearsonr": 0.5986393690109253, "val_poisson": 0.7012348175048828, "_runtime": 28793, "_timestamp": 1632095506, "_step": 39}