{"train_loss": 0.7147603631019592, "train_mse": 0.7495191097259521, "train_pearsonr": 0.6007165312767029, "train_poisson": 0.7147611975669861, "val_loss": 0.7000033259391785, "val_mse": 0.7197903394699097, "val_pearsonr": 0.6010318994522095, "val_poisson": 0.6999380588531494, "_runtime": 16728, "_timestamp": 1632079825, "_step": 39}