{"train_loss": 0.546558141708374, "train_mse": 0.546556830406189, "train_pearsonr": 0.6974266171455383, "train_poisson": 0.6958191394805908, "val_loss": 0.6067742705345154, "val_mse": 0.6067007780075073, "val_pearsonr": 0.6389615535736084, "val_poisson": 0.6907877922058105, "_runtime": 15803, "_timestamp": 1632139706, "_step": 58}