{"train_loss": -0.7074326276779175, "train_mse": 0.15530715882778168, "train_pearsonr": 0.7225407958030701, "train_poisson": 0.7946576476097107, "val_loss": -0.6513093113899231, "val_mse": 0.16776081919670105, "val_pearsonr": 0.677111029624939, "val_poisson": 0.7776132822036743, "_runtime": 15271, "_timestamp": 1632158584, "_step": 55}