{"train_loss": 0.7271096706390381, "train_mse": 0.7969211935997009, "train_pearsonr": 0.5669697523117065, "train_poisson": 0.7271097898483276, "val_loss": 0.7097117900848389, "val_mse": 0.7545061707496643, "val_pearsonr": 0.5739659667015076, "val_poisson": 0.709697961807251, "_runtime": 13308, "_timestamp": 1632041403, "_step": 39}