{"train_loss": 0.7151917815208435, "train_mse": 0.7518500685691833, "train_pearsonr": 0.6002965569496155, "train_poisson": 0.715194046497345, "val_loss": 0.7026819586753845, "val_mse": 0.7346058487892151, "val_pearsonr": 0.5935658812522888, "val_poisson": 0.7027633786201477, "_runtime": 29751, "_timestamp": 1632029793, "_step": 39}