{"train_loss": 0.7103250622749329, "train_mse": 0.6480526328086853, "train_pearsonr": 0.6267939805984497, "train_poisson": 0.7103250026702881, "val_loss": 0.697831392288208, "val_mse": 0.6352277994155884, "val_pearsonr": 0.6191607117652893, "val_poisson": 0.6979203820228577, "_runtime": 8396, "_timestamp": 1631621542, "_step": 29}