{"train_loss": 0.4597393870353699, "train_mse": 2.1964709758758545, "train_pearsonr": 0.7250747084617615, "train_poisson": 0.45980721712112427, "val_loss": 0.5031672120094299, "val_mse": 2.6265125274658203, "val_pearsonr": 0.6586316227912903, "val_poisson": 0.5032166242599487, "_runtime": 12147, "_timestamp": 1632505951, "_step": 59}