{"train_loss": 0.46602386236190796, "train_mse": 2.2495505809783936, "train_pearsonr": 0.717092752456665, "train_poisson": 0.4660683572292328, "val_loss": 0.5013972520828247, "val_mse": 2.5989439487457275, "val_pearsonr": 0.6635829210281372, "val_poisson": 0.5010801553726196, "_runtime": 11451, "_timestamp": 1632485058, "_step": 56}