{"train_loss": 0.7797635793685913, "train_mse": 0.1385488212108612, "train_pearsonr": 0.7441034317016602, "train_poisson": 0.7797619104385376, "val_loss": 0.7732675671577454, "val_mse": 0.16313984990119934, "val_pearsonr": 0.6835076808929443, "val_poisson": 0.7733136415481567, "_runtime": 16414, "_timestamp": 1632787027, "_step": 57}