{"train_loss": 0.696790337562561, "train_mse": 0.5942164659500122, "train_pearsonr": 0.6647425889968872, "train_poisson": 0.6967915892601013, "val_loss": 0.6850841641426086, "val_mse": 0.5969750285148621, "val_pearsonr": 0.650277316570282, "val_poisson": 0.6852229833602905, "_runtime": 8178, "_timestamp": 1631629448, "_step": 29}