{"train_loss": 0.7154670357704163, "train_mse": 0.663087785243988, "train_pearsonr": 0.6138544678688049, "train_poisson": 0.7154654860496521, "val_loss": 0.7292439937591553, "val_mse": 0.6999505758285522, "val_pearsonr": 0.5704171061515808, "val_poisson": 0.7293407320976257, "_runtime": 15672, "_timestamp": 1631645974, "_step": 29}