{"train_loss": 0.7253808379173279, "train_mse": 0.7928882241249084, "train_pearsonr": 0.5698062777519226, "train_poisson": 0.7253800630569458, "val_loss": 0.7090479731559753, "val_mse": 0.7523471117019653, "val_pearsonr": 0.5759195685386658, "val_poisson": 0.7090467214584351, "_runtime": 29883, "_timestamp": 1632013480, "_step": 39}