{"train_loss": 0.6745160222053528, "train_mse": 0.8335894346237183, "train_pearsonr": 0.7157366275787354, "train_poisson": 0.6744987368583679, "val_loss": 0.6843210458755493, "val_mse": 0.9413285851478577, "val_pearsonr": 0.6608201265335083, "val_poisson": 0.6843610405921936, "_runtime": 11953, "_timestamp": 1632764093, "_step": 67}