{"train_loss": 0.7208454608917236, "train_mse": 0.7755722999572754, "train_pearsonr": 0.5830298066139221, "train_poisson": 0.7208456993103027, "val_loss": 0.7050075531005859, "val_mse": 0.7407994270324707, "val_pearsonr": 0.5850366950035095, "val_poisson": 0.7049596309661865, "_runtime": 27935, "_timestamp": 1632024792, "_step": 39}