{"train_loss": 0.44316354393959045, "train_mse": 2.2888689041137695, "train_pearsonr": 0.7102602124214172, "train_poisson": 0.4432697594165802, "val_loss": 0.4464542865753174, "val_mse": 2.367502450942993, "val_pearsonr": 0.7007542252540588, "val_poisson": 0.4462491273880005, "_runtime": 6257, "_timestamp": 1633022706, "_step": 39}