{"train_loss": 0.6818386912345886, "train_mse": 0.5096614360809326, "train_pearsonr": 0.7201229929924011, "train_poisson": 0.6818402409553528, "val_loss": 0.6883844137191772, "val_mse": 0.6214438676834106, "val_pearsonr": 0.636556088924408, "val_poisson": 0.6883814930915833, "_runtime": 15929, "_timestamp": 1632489486, "_step": 59}