{"train_loss": 0.7256993055343628, "train_mse": 0.7905228137969971, "train_pearsonr": 0.5710234045982361, "train_poisson": 0.7256990075111389, "val_loss": 0.7083170413970947, "val_mse": 0.752155065536499, "val_pearsonr": 0.5745992660522461, "val_poisson": 0.7082470655441284, "_runtime": 13165, "_timestamp": 1631996637, "_step": 39}