{"train_loss": 0.6988751292228699, "train_mse": 0.6862122416496277, "train_pearsonr": 0.638137936592102, "train_poisson": 0.6988782286643982, "val_loss": 0.6806891560554504, "val_mse": 0.6447607278823853, "val_pearsonr": 0.6458956599235535, "val_poisson": 0.6806343793869019, "_runtime": 38946, "_timestamp": 1635036043, "_step": 71}