{"train_loss": 0.4744843542575836, "train_mse": 2.34472393989563, "train_pearsonr": 0.7017170786857605, "train_poisson": 0.4745246171951294, "val_loss": 0.4841782748699188, "val_mse": 2.473238706588745, "val_pearsonr": 0.6837825775146484, "val_poisson": 0.4839378595352173, "_runtime": 11078, "_timestamp": 1632589575, "_step": 55}