{"train_loss": 0.6834671497344971, "train_mse": 0.5289469361305237, "train_pearsonr": 0.7085331082344055, "train_poisson": 0.6834666132926941, "val_loss": 0.6807458996772766, "val_mse": 0.5814151167869568, "val_pearsonr": 0.6588478684425354, "val_poisson": 0.6806914806365967, "_runtime": 17149, "_timestamp": 1632510948, "_step": 64}