{"train_loss": 0.7097772359848022, "train_mse": 0.7254981994628906, "train_pearsonr": 0.6174983382225037, "train_poisson": 0.7097783088684082, "val_loss": 0.6972498297691345, "val_mse": 0.7173060774803162, "val_pearsonr": 0.6047248840332031, "val_poisson": 0.6974164247512817, "_runtime": 31646, "_timestamp": 1632102271, "_step": 39}