{"train_loss": 0.3064720332622528, "train_mse": 1.0180938243865967, "train_pearsonr": 0.866773247718811, "train_poisson": 0.3064219057559967, "val_loss": 0.505242645740509, "val_mse": 2.367318630218506, "val_pearsonr": 0.6736790537834167, "val_poisson": 0.5050060749053955, "_runtime": 39612, "_timestamp": 1633560957, "_step": 56}