{"train_loss": 0.539272665977478, "train_mse": 1.0491582155227661, "train_pearsonr": 0.7862851619720459, "train_poisson": 0.539242148399353, "val_loss": 0.5810668468475342, "val_mse": 1.3199084997177124, "val_pearsonr": 0.718380331993103, "val_poisson": 0.5827975869178772, "_runtime": 4531, "_timestamp": 1632766399, "_step": 61}