{"train_loss": 0.704002857208252, "train_mse": 0.6991196274757385, "train_pearsonr": 0.6357331871986389, "train_poisson": 0.7040037512779236, "val_loss": 0.6938436627388, "val_mse": 0.7017168402671814, "val_pearsonr": 0.6128196716308594, "val_poisson": 0.6939571499824524, "_runtime": 57470, "_timestamp": 1632551274, "_step": 72}