{"train_loss": 0.3319327235221863, "train_mse": 1.527670979499817, "train_pearsonr": 0.8157830834388733, "train_poisson": 0.33192431926727295, "val_loss": 0.4494381546974182, "val_mse": 2.4474761486053467, "val_pearsonr": 0.6922608613967896, "val_poisson": 0.449311226606369, "_runtime": 40270, "_timestamp": 1633542236, "_step": 57}