{"graph": {"_type": "graph-file", "path": "media/graph/graph_summary_105b766848e5d2bf425c.graph.json", "sha256": "105b766848e5d2bf425c0a3b53790429bd5d7b228d2ffff5d950e7146eafbbe1", "size": 3250}, "epoch": 28, "loss": 0.31048209870061605, "accuracy": 0.8668282628059387, "auroc": 0.9046331644058228, "aupr": 0.8028022646903992, "val_loss": 0.43334616492060646, "val_accuracy": 0.8193517923355103, "val_auroc": 0.8149693608283997, "val_aupr": 0.6498490571975708, "lr": 1.5625000742147677e-05, "_runtime": 1841, "_timestamp": 1629880349, "_step": 28, "best_val_loss": 0.4151912987910327, "best_epoch": 8}