{"train_loss": 0.4698750078678131, "train_mse": 2.3012890815734863, "train_pearsonr": 0.7081932425498962, "train_poisson": 0.4698142111301422, "val_loss": 0.4814528524875641, "val_mse": 2.460279703140259, "val_pearsonr": 0.6850862503051758, "val_poisson": 0.4811308681964874, "_runtime": 11972, "_timestamp": 1632485579, "_step": 59}