{"train_loss": 0.7105423212051392, "train_mse": 0.6484967470169067, "train_pearsonr": 0.6262153387069702, "train_poisson": 0.7105430364608765, "val_loss": 0.6978382468223572, "val_mse": 0.6369688510894775, "val_pearsonr": 0.6204831600189209, "val_poisson": 0.6979150772094727, "_runtime": 7802, "_timestamp": 1631620945, "_step": 29}