{"train_loss": 0.7257590293884277, "train_mse": 0.7935141324996948, "train_pearsonr": 0.5694364309310913, "train_poisson": 0.7257598042488098, "val_loss": 0.7101237773895264, "val_mse": 0.7594277858734131, "val_pearsonr": 0.5723963379859924, "val_poisson": 0.7102816104888916, "_runtime": 26118, "_timestamp": 1632066940, "_step": 39}