{"train_loss": 0.7110337615013123, "train_mse": 0.6506196856498718, "train_pearsonr": 0.6247882843017578, "train_poisson": 0.7110328078269958, "val_loss": 0.6991682052612305, "val_mse": 0.6426938772201538, "val_pearsonr": 0.6193305850028992, "val_poisson": 0.6991435289382935, "_runtime": 7836, "_timestamp": 1631620982, "_step": 29}