{"train_loss": 0.7153932452201843, "train_mse": 0.6653391718864441, "train_pearsonr": 0.6124248504638672, "train_poisson": 0.7153920531272888, "val_loss": 0.9029548168182373, "val_mse": 0.8847053647041321, "val_pearsonr": 0.43705055117607117, "val_poisson": 0.9031698703765869, "_runtime": 16767, "_timestamp": 1631647891, "_step": 29}