{"train_loss": 0.48040518164634705, "train_mse": 2.025333881378174, "train_pearsonr": 0.7327073216438293, "train_poisson": 0.4804133474826813, "val_loss": 0.5456897616386414, "val_mse": 2.5888442993164062, "val_pearsonr": 0.6377994418144226, "val_poisson": 0.5460243225097656, "_runtime": 13033, "_timestamp": 1632506896, "_step": 57}