{"train_loss": 0.725470781326294, "train_mse": 0.7932521104812622, "train_pearsonr": 0.5699965357780457, "train_poisson": 0.7254703640937805, "val_loss": 0.7085555791854858, "val_mse": 0.7499709129333496, "val_pearsonr": 0.5763696432113647, "val_poisson": 0.7085906267166138, "_runtime": 13244, "_timestamp": 1631996804, "_step": 39}