{"train_loss": 0.7047145366668701, "train_mse": 0.626728355884552, "train_pearsonr": 0.6420958638191223, "train_poisson": 0.7047175168991089, "val_loss": 0.6928943395614624, "val_mse": 0.6234591007232666, "val_pearsonr": 0.6295868158340454, "val_poisson": 0.6929149031639099, "_runtime": 7919, "_timestamp": 1631621128, "_step": 29}