{"train_loss": -0.6870408654212952, "train_mse": 9978.2802734375, "train_pearsonr": 0.7046447396278381, "train_poisson": 61.75678634643555, "val_loss": -0.6373116970062256, "val_mse": 9792.3056640625, "val_pearsonr": 0.6577357053756714, "val_poisson": 62.224403381347656, "_runtime": 16129, "_timestamp": 1632445110, "_step": 56}