{"train_loss": -0.6964540481567383, "train_mse": 0.51988685131073, "train_pearsonr": 0.7205547094345093, "train_poisson": 0.7467566132545471, "val_loss": -0.6420803070068359, "val_mse": 0.532119631767273, "val_pearsonr": 0.6662364602088928, "val_poisson": 0.7236614227294922, "_runtime": 17765, "_timestamp": 1632446826, "_step": 65}