{"train_loss": 0.670878529548645, "train_mse": 0.4666075110435486, "train_pearsonr": 0.7474448084831238, "train_poisson": 0.6708807945251465, "val_loss": 0.6860086917877197, "val_mse": 0.6089775562286377, "val_pearsonr": 0.6391105651855469, "val_poisson": 0.6860796213150024, "_runtime": 178616, "_timestamp": 1633561742, "_step": 64}