{"train_loss": 0.8085752725601196, "train_mse": 0.3069937229156494, "train_pearsonr": 0.771405041217804, "train_poisson": 0.8085654377937317, "val_loss": 0.8380735516548157, "val_mse": 0.4014647305011749, "val_pearsonr": 0.6899346709251404, "val_poisson": 0.8387220501899719, "_runtime": 8346, "_timestamp": 1632780607, "_step": 61}