{"train_loss": 0.6810010671615601, "train_mse": 0.50559401512146, "train_pearsonr": 0.723507821559906, "train_poisson": 0.6810010671615601, "val_loss": 0.6876617670059204, "val_mse": 0.6140831708908081, "val_pearsonr": 0.635697603225708, "val_poisson": 0.687825620174408, "_runtime": 27507, "_timestamp": 1632541377, "_step": 59}