{"train_loss": 0.6805416941642761, "train_mse": 0.47699058055877686, "train_pearsonr": 0.7503243088722229, "train_poisson": 0.680539608001709, "val_loss": 0.7008703351020813, "val_mse": 0.6833974123001099, "val_pearsonr": 0.6164568662643433, "val_poisson": 0.7008754014968872, "_runtime": 19348, "_timestamp": 1632493050, "_step": 63}