{"train_loss": 0.32341572642326355, "train_mse": 1.4785091876983643, "train_pearsonr": 0.8220855593681335, "train_poisson": 0.3234212398529053, "val_loss": 0.4391052722930908, "val_mse": 2.384265661239624, "val_pearsonr": 0.7006453275680542, "val_poisson": 0.4388722777366638, "_runtime": 39528, "_timestamp": 1633343043, "_step": 56}