{"train_loss": 0.7003573775291443, "train_mse": 0.691341757774353, "train_pearsonr": 0.6327733397483826, "train_poisson": 0.7003569602966309, "val_loss": 0.6902352571487427, "val_mse": 0.6879792809486389, "val_pearsonr": 0.6247497797012329, "val_poisson": 0.6901671290397644, "_runtime": 34519, "_timestamp": 1635031611, "_step": 63}