{"train_loss": 0.5713735222816467, "train_mse": 1.2753582000732422, "train_pearsonr": 0.7474968433380127, "train_poisson": 0.5713586211204529, "val_loss": 0.6050918102264404, "val_mse": 1.4917855262756348, "val_pearsonr": 0.6891366243362427, "val_poisson": 0.604549765586853, "_runtime": 5311, "_timestamp": 1632757451, "_step": 66}