{"train_loss": 0.7208462953567505, "train_mse": 0.6853664517402649, "train_pearsonr": 0.5982213616371155, "train_poisson": 0.7208462357521057, "val_loss": 0.7288042306900024, "val_mse": 0.7054533958435059, "val_pearsonr": 0.5694822669029236, "val_poisson": 0.7290006279945374, "_runtime": 8637, "_timestamp": 1631630195, "_step": 29}