{"train_loss": 0.3402724266052246, "train_mse": 1.6127309799194336, "train_pearsonr": 0.804871141910553, "train_poisson": 0.34023717045783997, "val_loss": 0.4083634316921234, "val_mse": 2.200773239135742, "val_pearsonr": 0.7270225882530212, "val_poisson": 0.40838509798049927, "_runtime": 40323, "_timestamp": 1633343837, "_step": 57}