{"train_loss": 0.40043094754219055, "train_mse": 1.633344292640686, "train_pearsonr": 0.7819798588752747, "train_poisson": 0.4004552364349365, "val_loss": 0.43636810779571533, "val_mse": 1.9775186777114868, "val_pearsonr": 0.7316583395004272, "val_poisson": 0.43613019585609436, "_runtime": 4307, "_timestamp": 1632477846, "_step": 66}