{"train_loss": 0.5263857841491699, "train_mse": 1.3696216344833374, "train_pearsonr": 0.7565296292304993, "train_poisson": 0.5263774394989014, "val_loss": 0.558349609375, "val_mse": 1.5894222259521484, "val_pearsonr": 0.7068175077438354, "val_poisson": 0.5591332316398621, "_runtime": 4284, "_timestamp": 1632761775, "_step": 56}