{"train_loss": 0.35007625818252563, "train_mse": 1.0752477645874023, "train_pearsonr": 0.8523832559585571, "train_poisson": 0.3500838577747345, "val_loss": 0.47613850235939026, "val_mse": 1.9422136545181274, "val_pearsonr": 0.7188277840614319, "val_poisson": 0.47639623284339905, "_runtime": 43828, "_timestamp": 1633610506, "_step": 55}