{"train_loss": 0.3328201472759247, "train_mse": 1.1852518320083618, "train_pearsonr": 0.8450706601142883, "train_poisson": 0.33287057280540466, "val_loss": 0.45257672667503357, "val_mse": 2.102694272994995, "val_pearsonr": 0.7125232815742493, "val_poisson": 0.4523867964744568, "_runtime": 38676, "_timestamp": 1633382425, "_step": 55}