{"train_loss": 0.7271308898925781, "train_mse": 0.7967569828033447, "train_pearsonr": 0.5661012530326843, "train_poisson": 0.7271305322647095, "val_loss": 0.7094034552574158, "val_mse": 0.7570188641548157, "val_pearsonr": 0.5718381404876709, "val_poisson": 0.7093804478645325, "_runtime": 10328, "_timestamp": 1632036873, "_step": 39}