{"train_loss": 0.7035107612609863, "train_mse": 0.6207311153411865, "train_pearsonr": 0.6464864611625671, "train_poisson": 0.7035124897956848, "val_loss": 0.693817675113678, "val_mse": 0.6292131543159485, "val_pearsonr": 0.6328687071800232, "val_poisson": 0.6939054131507874, "_runtime": 8075, "_timestamp": 1631621369, "_step": 29}