{"train_loss": 0.1450619101524353, "train_mse": 0.1450621485710144, "train_pearsonr": 0.7310473322868347, "train_poisson": 0.7870674729347229, "val_loss": 0.16675515472888947, "val_mse": 0.16674959659576416, "val_pearsonr": 0.674133837223053, "val_poisson": 0.776912271976471, "_runtime": 16040, "_timestamp": 1632158680, "_step": 58}