{"train_loss": 0.7149443626403809, "train_mse": 0.7509574890136719, "train_pearsonr": 0.6015682220458984, "train_poisson": 0.7149463891983032, "val_loss": 0.7027058005332947, "val_mse": 0.7396558523178101, "val_pearsonr": 0.5904114842414856, "val_poisson": 0.702688992023468, "_runtime": 28626, "_timestamp": 1632086738, "_step": 39}