{"train_loss": 0.7138614654541016, "train_mse": 0.7473345994949341, "train_pearsonr": 0.6031903028488159, "train_poisson": 0.7138609290122986, "val_loss": 0.701113760471344, "val_mse": 0.7285356521606445, "val_pearsonr": 0.5990711450576782, "val_poisson": 0.7011222243309021, "_runtime": 29779, "_timestamp": 1632041848, "_step": 39}