{"train_loss": 0.7258126735687256, "train_mse": 0.794072151184082, "train_pearsonr": 0.5690270662307739, "train_poisson": 0.7258126139640808, "val_loss": 0.708070695400238, "val_mse": 0.7502250671386719, "val_pearsonr": 0.5764563083648682, "val_poisson": 0.7080065011978149, "_runtime": 26200, "_timestamp": 1632009838, "_step": 39}