{"train_loss": 0.7114943265914917, "train_mse": 0.7348353266716003, "train_pearsonr": 0.6105630397796631, "train_poisson": 0.711496889591217, "val_loss": 0.6975774168968201, "val_mse": 0.7129042744636536, "val_pearsonr": 0.6059080362319946, "val_poisson": 0.6975793242454529, "_runtime": 29369, "_timestamp": 1632097000, "_step": 39}