{"train_loss": 0.7129576802253723, "train_mse": 0.6551823019981384, "train_pearsonr": 0.6205488443374634, "train_poisson": 0.7129576206207275, "val_loss": 0.7690405249595642, "val_mse": 0.8322203755378723, "val_pearsonr": 0.5072620511054993, "val_poisson": 0.7692141532897949, "_runtime": 8913, "_timestamp": 1631654504, "_step": 29}