{"train_loss": 0.7124819159507751, "train_mse": 0.6555944681167603, "train_pearsonr": 0.6215478777885437, "train_poisson": 0.7124800086021423, "val_loss": 0.7457911968231201, "val_mse": 0.7592410445213318, "val_pearsonr": 0.5199257135391235, "val_poisson": 0.7458018660545349, "_runtime": 8668, "_timestamp": 1631654494, "_step": 29}