{"train_loss": 0.7048829793930054, "train_mse": 0.7082900404930115, "train_pearsonr": 0.6223544478416443, "train_poisson": 0.7048832774162292, "val_loss": 0.6891529560089111, "val_mse": 0.6850703358650208, "val_pearsonr": 0.6297067999839783, "val_poisson": 0.6893687844276428, "_runtime": 30406, "_timestamp": 1635027502, "_step": 66}