{"train_loss": 0.7272974848747253, "train_mse": 0.7973185777664185, "train_pearsonr": 0.5661855936050415, "train_poisson": 0.7272966504096985, "val_loss": 0.7100968956947327, "val_mse": 0.7603488564491272, "val_pearsonr": 0.5718609094619751, "val_poisson": 0.7102673649787903, "_runtime": 11397, "_timestamp": 1631994830, "_step": 39}