{"train_loss": 0.39511147141456604, "train_mse": 1.981857180595398, "train_pearsonr": 0.7540969252586365, "train_poisson": 0.3951285481452942, "val_loss": 0.4197424352169037, "val_mse": 2.225541591644287, "val_pearsonr": 0.7209758758544922, "val_poisson": 0.4194055497646332, "_runtime": 13120, "_timestamp": 1633029570, "_step": 39}