{"train_loss": 0.7204098105430603, "train_mse": 0.7733906507492065, "train_pearsonr": 0.5847195982933044, "train_poisson": 0.7204105854034424, "val_loss": 0.7044556140899658, "val_mse": 0.7363156676292419, "val_pearsonr": 0.5874366760253906, "val_poisson": 0.7044596076011658, "_runtime": 13848, "_timestamp": 1632063738, "_step": 39}