{"train_loss": 0.714682400226593, "train_mse": 0.7495056986808777, "train_pearsonr": 0.6007148623466492, "train_poisson": 0.7146832346916199, "val_loss": 0.6997193694114685, "val_mse": 0.7200640439987183, "val_pearsonr": 0.5996304750442505, "val_poisson": 0.6999107599258423, "_runtime": 17128, "_timestamp": 1632028068, "_step": 39}