{"train_loss": 0.3387945592403412, "train_mse": 0.3387921452522278, "train_pearsonr": 0.7253868579864502, "train_poisson": 0.7224917411804199, "val_loss": 0.3840426504611969, "val_mse": 0.38438889384269714, "val_pearsonr": 0.6688322424888611, "val_poisson": 0.7166406512260437, "_runtime": 15361, "_timestamp": 1632154583, "_step": 55}