{"train_loss": 0.7100978493690491, "train_mse": 0.6451176404953003, "train_pearsonr": 0.6274257302284241, "train_poisson": 0.7100993394851685, "val_loss": 0.6948847770690918, "val_mse": 0.6265527606010437, "val_pearsonr": 0.6240118741989136, "val_poisson": 0.6949882507324219, "_runtime": 8003, "_timestamp": 1631621149, "_step": 29}