{"train_loss": 0.35675564408302307, "train_mse": 1.4509531259536743, "train_pearsonr": 0.8156629204750061, "train_poisson": 0.3567593991756439, "val_loss": 0.4694844186306, "val_mse": 2.2663238048553467, "val_pearsonr": 0.6974109411239624, "val_poisson": 0.46970200538635254, "_runtime": 49344, "_timestamp": 1633505036, "_step": 62}