{"train_loss": 0.6979665160179138, "train_mse": 0.596774697303772, "train_pearsonr": 0.6619866490364075, "train_poisson": 0.6979684233665466, "val_loss": 0.6874420046806335, "val_mse": 0.6039799451828003, "val_pearsonr": 0.6484858989715576, "val_poisson": 0.6874097585678101, "_runtime": 8374, "_timestamp": 1631629583, "_step": 29}