{"train_loss": 0.7250045537948608, "train_mse": 0.7919501066207886, "train_pearsonr": 0.5718249082565308, "train_poisson": 0.7250062227249146, "val_loss": 0.7087696194648743, "val_mse": 0.7510351538658142, "val_pearsonr": 0.5766161680221558, "val_poisson": 0.7087301015853882, "_runtime": 13735, "_timestamp": 1631997297, "_step": 39}