{"train_loss": 0.37881040573120117, "train_mse": 1.4537514448165894, "train_pearsonr": 0.807956874370575, "train_poisson": 0.37884917855262756, "val_loss": 0.46846699714660645, "val_mse": 2.1592774391174316, "val_pearsonr": 0.7023203372955322, "val_poisson": 0.46816709637641907, "_runtime": 6528, "_timestamp": 1632520355, "_step": 59}