{"train_loss": 0.7137490510940552, "train_mse": 0.7474151849746704, "train_pearsonr": 0.6033883690834045, "train_poisson": 0.7137508988380432, "val_loss": 0.7001112103462219, "val_mse": 0.7253884673118591, "val_pearsonr": 0.5995528101921082, "val_poisson": 0.7000949382781982, "_runtime": 29080, "_timestamp": 1632096897, "_step": 39}