{"train_loss": 0.7151034474372864, "train_mse": 0.7510315179824829, "train_pearsonr": 0.5993082523345947, "train_poisson": 0.7151045799255371, "val_loss": 0.6998902559280396, "val_mse": 0.7204281091690063, "val_pearsonr": 0.6007357239723206, "val_poisson": 0.6999930143356323, "_runtime": 28328, "_timestamp": 1632093749, "_step": 39}