{"train_loss": 0.8215817213058472, "train_mse": 0.27703985571861267, "train_pearsonr": 0.7644359469413757, "train_poisson": 0.8215728998184204, "val_loss": 0.8482199907302856, "val_mse": 0.35807326436042786, "val_pearsonr": 0.6785275340080261, "val_poisson": 0.8480549454689026, "_runtime": 5705, "_timestamp": 1632777810, "_step": 65}