{"train_loss": 0.7281815409660339, "train_mse": 0.8014557957649231, "train_pearsonr": 0.563105583190918, "train_poisson": 0.7281831502914429, "val_loss": 0.7104244232177734, "val_mse": 0.7614029049873352, "val_pearsonr": 0.5693253874778748, "val_poisson": 0.7104936838150024, "_runtime": 11109, "_timestamp": 1631994542, "_step": 39}