{"train_loss": 0.669237494468689, "train_mse": 0.575261116027832, "train_pearsonr": 0.7125731706619263, "train_poisson": 0.6692384481430054, "val_loss": 0.6750455498695374, "val_mse": 0.6648983955383301, "val_pearsonr": 0.6427892446517944, "val_poisson": 0.6750229001045227, "_runtime": 184323, "_timestamp": 1633487838, "_step": 66}