{"train_loss": 0.6731035113334656, "train_mse": 0.4285498857498169, "train_pearsonr": 0.7777986526489258, "train_poisson": 0.6731066703796387, "val_loss": 0.7196531891822815, "val_mse": 0.782163143157959, "val_pearsonr": 0.5568459630012512, "val_poisson": 0.7196479439735413, "_runtime": 17551, "_timestamp": 1632491253, "_step": 57}