{"train_loss": 0.719998836517334, "train_mse": 0.7705377340316772, "train_pearsonr": 0.5856425166130066, "train_poisson": 0.7200002670288086, "val_loss": 0.7058284878730774, "val_mse": 0.7431196570396423, "val_pearsonr": 0.5862360000610352, "val_poisson": 0.7058018445968628, "_runtime": 26748, "_timestamp": 1632082239, "_step": 39}