{"train_loss": 0.7478803992271423, "train_mse": 0.4078000485897064, "train_pearsonr": 0.7699381709098816, "train_poisson": 0.7478784322738647, "val_loss": 0.772199809551239, "val_mse": 0.5088340044021606, "val_pearsonr": 0.6994704008102417, "val_poisson": 0.7723063230514526, "_runtime": 6985, "_timestamp": 1632776422, "_step": 60}