{"train_loss": 0.7027703523635864, "train_mse": 0.7140780091285706, "train_pearsonr": 0.6254311800003052, "train_poisson": 0.7027696371078491, "val_loss": 0.6880615949630737, "val_mse": 0.6817183494567871, "val_pearsonr": 0.6325811743736267, "val_poisson": 0.688076376914978, "_runtime": 160603, "_timestamp": 1635092666, "_step": 66}