{"train_loss": 0.7057193517684937, "train_mse": 0.7081647515296936, "train_pearsonr": 0.6220102906227112, "train_poisson": 0.7057198286056519, "val_loss": 0.6881112456321716, "val_mse": 0.6688048839569092, "val_pearsonr": 0.6310211420059204, "val_poisson": 0.6880674362182617, "_runtime": 20395, "_timestamp": 1647917383, "_step": 39}