{"train_loss": 0.7068644762039185, "train_mse": 0.6810361742973328, "train_pearsonr": 0.6619676351547241, "train_poisson": 0.7068604230880737, "val_loss": 0.7070955038070679, "val_mse": 0.7762590646743774, "val_pearsonr": 0.5859959721565247, "val_poisson": 0.7071024775505066, "_runtime": 64173, "_timestamp": 1632558035, "_step": 56}