{"train_loss": 0.3539317548274994, "train_mse": 1.432453989982605, "train_pearsonr": 0.8179066181182861, "train_poisson": 0.3539254069328308, "val_loss": 0.469800740480423, "val_mse": 2.2779383659362793, "val_pearsonr": 0.6950674653053284, "val_poisson": 0.4700928032398224, "_runtime": 49247, "_timestamp": 1633352788, "_step": 62}