{"train_loss": 0.7290849089622498, "train_mse": 0.7811468839645386, "train_pearsonr": 0.5707289576530457, "train_poisson": 0.7290877103805542, "val_loss": 0.7140501737594604, "val_mse": 0.7540725469589233, "val_pearsonr": 0.5699220895767212, "val_poisson": 0.7140460014343262, "_runtime": 35350, "_timestamp": 1635030407, "_step": 59}