{"train_loss": 0.6916278600692749, "train_mse": 0.5710850954055786, "train_pearsonr": 0.6815280914306641, "train_poisson": 0.6916295289993286, "val_loss": 0.6847672462463379, "val_mse": 0.5972368121147156, "val_pearsonr": 0.6518726348876953, "val_poisson": 0.6849106550216675, "_runtime": 8793, "_timestamp": 1631630271, "_step": 29}