{"train_loss": 0.3404914438724518, "train_mse": 0.3404897153377533, "train_pearsonr": 0.7240103483200073, "train_poisson": 0.7227842807769775, "val_loss": 0.3841128647327423, "val_mse": 0.3840441405773163, "val_pearsonr": 0.6679723262786865, "val_poisson": 0.7167688012123108, "_runtime": 15105, "_timestamp": 1632154459, "_step": 55}