{"train_loss": 0.7159077525138855, "train_mse": 0.6672713756561279, "train_pearsonr": 0.6116039156913757, "train_poisson": 0.7159077525138855, "val_loss": 0.7834030389785767, "val_mse": 0.8698206543922424, "val_pearsonr": 0.45439109206199646, "val_poisson": 0.7834351062774658, "_runtime": 16344, "_timestamp": 1631647229, "_step": 29}