{"train_loss": 0.7106691598892212, "train_mse": 0.6483504772186279, "train_pearsonr": 0.6261070370674133, "train_poisson": 0.7106688618659973, "val_loss": 0.8092941045761108, "val_mse": 0.9310914278030396, "val_pearsonr": 0.3948095440864563, "val_poisson": 0.8092182874679565, "_runtime": 8550, "_timestamp": 1631654501, "_step": 29}