{"train_loss": 0.7255768775939941, "train_mse": 0.7925094962120056, "train_pearsonr": 0.5706183314323425, "train_poisson": 0.7255781888961792, "val_loss": 0.7087303400039673, "val_mse": 0.7516741752624512, "val_pearsonr": 0.5751587748527527, "val_poisson": 0.708733081817627, "_runtime": 27131, "_timestamp": 1632010739, "_step": 39}