{"train_loss": -0.6756001710891724, "train_mse": 2371.734130859375, "train_pearsonr": 0.6938552260398865, "train_poisson": 28.795473098754883, "val_loss": -0.6246700882911682, "val_mse": 2355.533935546875, "val_pearsonr": 0.6470085382461548, "val_poisson": 29.203792572021484, "_runtime": 18995, "_timestamp": 1632142898, "_step": 69}