{"train_loss": 0.6876317262649536, "train_mse": 0.6177542805671692, "train_pearsonr": 0.7447317838668823, "train_poisson": 0.6876217722892761, "val_loss": 0.700147271156311, "val_mse": 0.721255362033844, "val_pearsonr": 0.6874735951423645, "val_poisson": 0.6997631192207336, "_runtime": 9558, "_timestamp": 1632769191, "_step": 55}