{"train_loss": 0.7147882580757141, "train_mse": 0.750523030757904, "train_pearsonr": 0.6007378101348877, "train_poisson": 0.7147901058197021, "val_loss": 0.7001566886901855, "val_mse": 0.7238249182701111, "val_pearsonr": 0.5995446443557739, "val_poisson": 0.7002772092819214, "_runtime": 17632, "_timestamp": 1632028558, "_step": 39}