{"train_loss": 0.6628668308258057, "train_mse": 0.5314095616340637, "train_pearsonr": 0.7326750159263611, "train_poisson": 0.6628654599189758, "val_loss": 0.6576460599899292, "val_mse": 0.5674867630004883, "val_pearsonr": 0.696428120136261, "val_poisson": 0.6575530171394348, "_runtime": 261314, "_timestamp": 1635258410, "_step": 65}