{"train_loss": 0.23264017701148987, "train_mse": 0.2326393574476242, "train_pearsonr": 0.7321071624755859, "train_poisson": 0.7525466084480286, "val_loss": 0.2660388946533203, "val_mse": 0.26606714725494385, "val_pearsonr": 0.6738101840019226, "val_poisson": 0.744321882724762, "_runtime": 16597, "_timestamp": 1632157322, "_step": 59}