{"train_loss": 0.726921796798706, "train_mse": 0.798398494720459, "train_pearsonr": 0.5657389163970947, "train_poisson": 0.7269214391708374, "val_loss": 0.7096653580665588, "val_mse": 0.7586307525634766, "val_pearsonr": 0.5703765749931335, "val_poisson": 0.7096070051193237, "_runtime": 13280, "_timestamp": 1632041379, "_step": 39}