{"train_loss": 0.7089020609855652, "train_mse": 0.7238147258758545, "train_pearsonr": 0.6184995770454407, "train_poisson": 0.7089022397994995, "val_loss": 0.6964134573936462, "val_mse": 0.7136478424072266, "val_pearsonr": 0.6053287386894226, "val_poisson": 0.6966426372528076, "_runtime": 31449, "_timestamp": 1632109982, "_step": 39}