{"train_loss": 0.6616621613502502, "train_mse": 0.42097070813179016, "train_pearsonr": 0.7749899625778198, "train_poisson": 0.661662757396698, "val_loss": 0.7013556957244873, "val_mse": 0.6719410419464111, "val_pearsonr": 0.5930564999580383, "val_poisson": 0.7013574838638306, "_runtime": 154638, "_timestamp": 1633588151, "_step": 55}