{"train_loss": 0.4001768231391907, "train_mse": 1.8049473762512207, "train_pearsonr": 0.771469235420227, "train_poisson": 0.40024685859680176, "val_loss": 0.43556734919548035, "val_mse": 2.1796884536743164, "val_pearsonr": 0.7172673344612122, "val_poisson": 0.4352474808692932, "_runtime": 5221, "_timestamp": 1632757360, "_step": 59}