{"train_loss": 0.7193289995193481, "train_mse": 0.7696146965026855, "train_pearsonr": 0.5866681337356567, "train_poisson": 0.7193284630775452, "val_loss": 0.703485906124115, "val_mse": 0.734618067741394, "val_pearsonr": 0.5889621376991272, "val_poisson": 0.7034726738929749, "_runtime": 28774, "_timestamp": 1632026155, "_step": 39}