{"train_loss": 0.720458984375, "train_mse": 0.6842350959777832, "train_pearsonr": 0.598938524723053, "train_poisson": 0.7204602956771851, "val_loss": 0.7323938012123108, "val_mse": 0.7170401811599731, "val_pearsonr": 0.5687747597694397, "val_poisson": 0.732623815536499, "_runtime": 9516, "_timestamp": 1631631113, "_step": 29}