{"train_loss": 0.7274889349937439, "train_mse": 0.7988748550415039, "train_pearsonr": 0.5648658275604248, "train_poisson": 0.7274917364120483, "val_loss": 0.7105529308319092, "val_mse": 0.7606701254844666, "val_pearsonr": 0.5694330334663391, "val_poisson": 0.7105159163475037, "_runtime": 10415, "_timestamp": 1632038310, "_step": 39}