{"train_loss": -0.6681464910507202, "train_mse": 0.6602036952972412, "train_pearsonr": 0.692055881023407, "train_poisson": 0.7581842541694641, "val_loss": -0.620022714138031, "val_mse": 0.6596284508705139, "val_pearsonr": 0.6461633443832397, "val_poisson": 0.7265980839729309, "_runtime": 15174, "_timestamp": 1632139077, "_step": 55}