{"train_loss": 0.6073098182678223, "train_mse": 0.523589015007019, "train_pearsonr": 0.8360444903373718, "train_poisson": 0.6073130965232849, "val_loss": 0.7669287323951721, "val_mse": 0.8877307176589966, "val_pearsonr": 0.6550254821777344, "val_poisson": 0.7667229175567627, "_runtime": 41164, "_timestamp": 1634227578, "_step": 58}