{"train_loss": 0.3725587725639343, "train_mse": 0.9440620541572571, "train_pearsonr": 0.8566324710845947, "train_poisson": 0.37264567613601685, "val_loss": 0.5000365972518921, "val_mse": 1.761389136314392, "val_pearsonr": 0.7187466025352478, "val_poisson": 0.49979692697525024, "_runtime": 39829, "_timestamp": 1634186137, "_step": 56}