{"train_loss": 0.3279121518135071, "train_mse": 1.5247576236724854, "train_pearsonr": 0.8165138363838196, "train_poisson": 0.3279779851436615, "val_loss": 0.4121285080909729, "val_mse": 2.2386348247528076, "val_pearsonr": 0.7221395373344421, "val_poisson": 0.4118709862232208, "_runtime": 27867, "_timestamp": 1633044319, "_step": 39}