{"train_loss": 0.4415287971496582, "train_mse": 0.44152894616127014, "train_pearsonr": 0.7198941111564636, "train_poisson": 0.7037850618362427, "val_loss": 0.5068561434745789, "val_mse": 0.506885290145874, "val_pearsonr": 0.6561515927314758, "val_poisson": 0.6992011070251465, "_runtime": 16612, "_timestamp": 1632445592, "_step": 58}