{"train_loss": 0.6795976758003235, "train_mse": 0.6208719611167908, "train_pearsonr": 0.6973288655281067, "train_poisson": 0.6795938611030579, "val_loss": 0.679461658000946, "val_mse": 0.6845304369926453, "val_pearsonr": 0.6527974605560303, "val_poisson": 0.6794658899307251, "_runtime": 259288, "_timestamp": 1633820985, "_step": 64}