{"train_loss": 0.7195362448692322, "train_mse": 0.7697771191596985, "train_pearsonr": 0.5862327814102173, "train_poisson": 0.7195363640785217, "val_loss": 0.7044217586517334, "val_mse": 0.7412044405937195, "val_pearsonr": 0.586384117603302, "val_poisson": 0.7044281959533691, "_runtime": 29157, "_timestamp": 1632026527, "_step": 39}