{"train_loss": 0.6799377799034119, "train_mse": 0.7857688069343567, "train_pearsonr": 0.7151903510093689, "train_poisson": 0.6799212694168091, "val_loss": 0.6868360638618469, "val_mse": 0.8708086609840393, "val_pearsonr": 0.6699508428573608, "val_poisson": 0.6880239844322205, "_runtime": 9637, "_timestamp": 1632765842, "_step": 58}