{"train_loss": 0.6277785897254944, "train_mse": 1.1382739543914795, "train_pearsonr": 0.7234326601028442, "train_poisson": 0.6277782320976257, "val_loss": 0.6496009230613708, "val_mse": 1.2796791791915894, "val_pearsonr": 0.6745487451553345, "val_poisson": 0.6496639251708984, "_runtime": 7356, "_timestamp": 1632759496, "_step": 58}