{"train_loss": 0.7270871996879578, "train_mse": 0.7977917790412903, "train_pearsonr": 0.565924346446991, "train_poisson": 0.7270883321762085, "val_loss": 0.7090973258018494, "val_mse": 0.7534591555595398, "val_pearsonr": 0.5735601782798767, "val_poisson": 0.7091448903083801, "_runtime": 26164, "_timestamp": 1632009639, "_step": 39}