{"train_loss": 0.6745886206626892, "train_mse": 0.5762491226196289, "train_pearsonr": 0.7054775357246399, "train_poisson": 0.6745883822441101, "val_loss": 0.6668234467506409, "val_mse": 0.5935777425765991, "val_pearsonr": 0.6802765130996704, "val_poisson": 0.6668215394020081, "_runtime": 227126, "_timestamp": 1635224223, "_step": 59}