{"train_loss": 0.7059475183486938, "train_mse": 0.7271246910095215, "train_pearsonr": 0.6173964142799377, "train_poisson": 0.7059484124183655, "val_loss": 0.6863595843315125, "val_mse": 0.6838139295578003, "val_pearsonr": 0.6262874603271484, "val_poisson": 0.6863215565681458, "_runtime": 22045, "_timestamp": 1647919046, "_step": 42}