{"train_loss": 0.33360210061073303, "train_mse": 0.9628061652183533, "train_pearsonr": 0.8671124577522278, "train_poisson": 0.33359912037849426, "val_loss": 0.5316106081008911, "val_mse": 2.2680892944335938, "val_pearsonr": 0.6701210141181946, "val_poisson": 0.5317748785018921, "_runtime": 58766, "_timestamp": 1633520534, "_step": 74}