{"train_loss": 0.6987639665603638, "train_mse": 0.5982586145401001, "train_pearsonr": 0.6621972918510437, "train_poisson": 0.6987645626068115, "val_loss": 0.6893429160118103, "val_mse": 0.6132680177688599, "val_pearsonr": 0.6389681696891785, "val_poisson": 0.68940669298172, "_runtime": 7952, "_timestamp": 1631628879, "_step": 29}