{"train_loss": 0.7247732877731323, "train_mse": 0.7894207239151001, "train_pearsonr": 0.5718353390693665, "train_poisson": 0.7247730493545532, "val_loss": 0.7097091674804688, "val_mse": 0.7547839879989624, "val_pearsonr": 0.5765693783760071, "val_poisson": 0.709710419178009, "_runtime": 27244, "_timestamp": 1632020872, "_step": 39}