{"train_loss": 0.7261763215065002, "train_mse": 0.7964295744895935, "train_pearsonr": 0.5683043599128723, "train_poisson": 0.7261759042739868, "val_loss": 0.7096135020256042, "val_mse": 0.7567296028137207, "val_pearsonr": 0.5719417333602905, "val_poisson": 0.709665060043335, "_runtime": 13493, "_timestamp": 1631996955, "_step": 39}