{"train_loss": 0.680768609046936, "train_mse": 0.6268202662467957, "train_pearsonr": 0.6819174289703369, "train_poisson": 0.6807683706283569, "val_loss": 0.669596254825592, "val_mse": 0.6263048648834229, "val_pearsonr": 0.6652689576148987, "val_poisson": 0.6695345640182495, "_runtime": 232211, "_timestamp": 1635188051, "_step": 63}