{"train_loss": 0.7215834259986877, "train_mse": 0.7782087922096252, "train_pearsonr": 0.5808676481246948, "train_poisson": 0.7215834856033325, "val_loss": 0.7062230706214905, "val_mse": 0.7433188557624817, "val_pearsonr": 0.5816829204559326, "val_poisson": 0.7062535285949707, "_runtime": 27055, "_timestamp": 1632079428, "_step": 39}