{"train_loss": 0.7047901749610901, "train_mse": 0.6269009709358215, "train_pearsonr": 0.6430906653404236, "train_poisson": 0.7047913670539856, "val_loss": 0.6928310990333557, "val_mse": 0.6209865212440491, "val_pearsonr": 0.6327112913131714, "val_poisson": 0.6928030848503113, "_runtime": 8280, "_timestamp": 1631621493, "_step": 29}