{"train_loss": 0.7080816626548767, "train_mse": 0.7240497469902039, "train_pearsonr": 0.6117687225341797, "train_poisson": 0.7080806493759155, "val_loss": 0.6899170875549316, "val_mse": 0.6830209493637085, "val_pearsonr": 0.6242783069610596, "val_poisson": 0.6899521946907043, "_runtime": 7032, "_timestamp": 1646694163, "_step": 23}