{"train_loss": 0.6997185945510864, "train_mse": 0.6009642481803894, "train_pearsonr": 0.6603296995162964, "train_poisson": 0.6997203230857849, "val_loss": 0.6919581890106201, "val_mse": 0.6204854846000671, "val_pearsonr": 0.6349996328353882, "val_poisson": 0.6920702457427979, "_runtime": 8430, "_timestamp": 1631629356, "_step": 29}