{"train_loss": 0.7205191850662231, "train_mse": 0.6852614283561707, "train_pearsonr": 0.5978221893310547, "train_poisson": 0.7205178737640381, "val_loss": 0.7203350067138672, "val_mse": 0.6992182731628418, "val_pearsonr": 0.5763033628463745, "val_poisson": 0.7203264832496643, "_runtime": 16541, "_timestamp": 1631645900, "_step": 29}