{"train_loss": 0.7149413824081421, "train_mse": 0.7518582940101624, "train_pearsonr": 0.599628210067749, "train_poisson": 0.7149419188499451, "val_loss": 0.6997029781341553, "val_mse": 0.7198629975318909, "val_pearsonr": 0.5995020270347595, "val_poisson": 0.6997495889663696, "_runtime": 29852, "_timestamp": 1632040898, "_step": 39}