{"train_loss": 0.316275954246521, "train_mse": 1.363348364830017, "train_pearsonr": 0.8340724110603333, "train_poisson": 0.31627798080444336, "val_loss": 0.4280344843864441, "val_mse": 2.3098413944244385, "val_pearsonr": 0.7103666663169861, "val_poisson": 0.4277005195617676, "_runtime": 38824, "_timestamp": 1634185038, "_step": 55}