{"train_loss": 0.7254431843757629, "train_mse": 0.7934311032295227, "train_pearsonr": 0.5702579617500305, "train_poisson": 0.7254457473754883, "val_loss": 0.709609866142273, "val_mse": 0.7584384083747864, "val_pearsonr": 0.5718069672584534, "val_poisson": 0.7095983624458313, "_runtime": 13293, "_timestamp": 1631996873, "_step": 39}