{"train_loss": 0.7069942951202393, "train_mse": 0.7123763561248779, "train_pearsonr": 0.6259229779243469, "train_poisson": 0.7069975733757019, "val_loss": 0.6954765319824219, "val_mse": 0.7052447199821472, "val_pearsonr": 0.6094590425491333, "val_poisson": 0.6954169273376465, "_runtime": 31408, "_timestamp": 1632055483, "_step": 39}