{"train_loss": 0.7210289239883423, "train_mse": 0.7762427926063538, "train_pearsonr": 0.5822064280509949, "train_poisson": 0.7210301756858826, "val_loss": 0.7054704427719116, "val_mse": 0.741199791431427, "val_pearsonr": 0.5849652886390686, "val_poisson": 0.7055546641349792, "_runtime": 14764, "_timestamp": 1632009837, "_step": 39}