{"train_loss": 0.30640286207199097, "train_mse": 1.0155508518218994, "train_pearsonr": 0.8667834997177124, "train_poisson": 0.3064499497413635, "val_loss": 0.5094542503356934, "val_mse": 2.401334285736084, "val_pearsonr": 0.6681376695632935, "val_poisson": 0.5092591643333435, "_runtime": 39391, "_timestamp": 1633383935, "_step": 56}