{"train_loss": 0.710580587387085, "train_mse": 0.649489164352417, "train_pearsonr": 0.6251974701881409, "train_poisson": 0.7105826735496521, "val_loss": 0.6982930302619934, "val_mse": 0.6369969844818115, "val_pearsonr": 0.6199153065681458, "val_poisson": 0.6982375383377075, "_runtime": 8197, "_timestamp": 1631620918, "_step": 29}