{"train_loss": 0.3255956470966339, "train_mse": 1.519865870475769, "train_pearsonr": 0.8173732757568359, "train_poisson": 0.3256639838218689, "val_loss": 0.40859654545783997, "val_mse": 2.210561513900757, "val_pearsonr": 0.7261296510696411, "val_poisson": 0.40826216340065, "_runtime": 27861, "_timestamp": 1633044311, "_step": 39}