{"train_loss": 1.4345059394836426, "train_mse": 1.4345449209213257, "train_pearsonr": 0.8211312890052795, "train_poisson": null, "val_loss": 2.3531298637390137, "val_mse": 2.3531272411346436, "val_pearsonr": 0.6954401731491089, "val_poisson": null, "_runtime": 39463, "_timestamp": 1634185681, "_step": 56}