{"train_loss": 0.7151092290878296, "train_mse": 0.7507271766662598, "train_pearsonr": 0.599614679813385, "train_poisson": 0.7151077389717102, "val_loss": 0.700059175491333, "val_mse": 0.7206952571868896, "val_pearsonr": 0.6000795960426331, "val_poisson": 0.7000532746315002, "_runtime": 16241, "_timestamp": 1632078525, "_step": 39}