{"train_loss": 0.7192336916923523, "train_mse": 0.6782183647155762, "train_pearsonr": 0.6026748418807983, "train_poisson": 0.719234824180603, "val_loss": 0.7380926012992859, "val_mse": 0.723856508731842, "val_pearsonr": 0.5694268941879272, "val_poisson": 0.7380697131156921, "_runtime": 16414, "_timestamp": 1631646079, "_step": 29}