{"train_loss": 0.714514434337616, "train_mse": 0.7505350708961487, "train_pearsonr": 0.6008949279785156, "train_poisson": 0.714516282081604, "val_loss": 0.7005692720413208, "val_mse": 0.7270461320877075, "val_pearsonr": 0.5982287526130676, "val_poisson": 0.7007201910018921, "_runtime": 16981, "_timestamp": 1632027876, "_step": 39}