{"train_loss": 0.6716954112052917, "train_mse": 0.5858960151672363, "train_pearsonr": 0.7065464854240417, "train_poisson": 0.6716969609260559, "val_loss": 0.677977979183197, "val_mse": 0.6742219924926758, "val_pearsonr": 0.6419671177864075, "val_poisson": 0.6779918074607849, "_runtime": 157383, "_timestamp": 1633662993, "_step": 56}