{"train_loss": 0.7277176380157471, "train_mse": 0.8013800382614136, "train_pearsonr": 0.5639610290527344, "train_poisson": 0.7277195453643799, "val_loss": 0.7104129195213318, "val_mse": 0.7616168856620789, "val_pearsonr": 0.570927619934082, "val_poisson": 0.7104294300079346, "_runtime": 10806, "_timestamp": 1631994227, "_step": 39}