{"train_loss": 0.7092217206954956, "train_mse": 0.6446701884269714, "train_pearsonr": 0.6294394135475159, "train_poisson": 0.7092236876487732, "val_loss": 0.6950808763504028, "val_mse": 0.6255969405174255, "val_pearsonr": 0.6250390410423279, "val_poisson": 0.695192813873291, "_runtime": 8070, "_timestamp": 1631621216, "_step": 29}