{"train_loss": 0.7031980156898499, "train_mse": 0.6435933709144592, "train_pearsonr": 0.6838181018829346, "train_poisson": 0.7032027244567871, "val_loss": 0.716630220413208, "val_mse": 0.8210870623588562, "val_pearsonr": 0.5537727475166321, "val_poisson": 0.7166281938552856, "_runtime": 65360, "_timestamp": 1632643941, "_step": 57}