{"train_loss": 0.6845046877861023, "train_mse": 0.5879448056221008, "train_pearsonr": 0.6920483112335205, "train_poisson": 0.6845049858093262, "val_loss": 0.6808989644050598, "val_mse": 0.6379228830337524, "val_pearsonr": 0.6461561918258667, "val_poisson": 0.6808649897575378, "_runtime": 17076, "_timestamp": 1632769216, "_step": 60}