{"train_loss": 0.7151537537574768, "train_mse": 0.7520985007286072, "train_pearsonr": 0.599777102470398, "train_poisson": 0.7151554226875305, "val_loss": 0.7017422318458557, "val_mse": 0.7229915857315063, "val_pearsonr": 0.5988057851791382, "val_poisson": 0.7017718553543091, "_runtime": 28772, "_timestamp": 1632040079, "_step": 39}