{"train_loss": 0.6815080046653748, "train_mse": 0.6302922964096069, "train_pearsonr": 0.6791715621948242, "train_poisson": 0.6815059185028076, "val_loss": 0.6718050241470337, "val_mse": 0.6335410475730896, "val_pearsonr": 0.6630050539970398, "val_poisson": 0.6717846393585205, "_runtime": 338396, "_timestamp": 1635287233, "_step": 60}