{"train_loss": 0.7183974981307983, "train_mse": 0.676206111907959, "train_pearsonr": 0.6050646305084229, "train_poisson": 0.718397855758667, "val_loss": 0.7280241250991821, "val_mse": 0.7023569345474243, "val_pearsonr": 0.5786297917366028, "val_poisson": 0.728020191192627, "_runtime": 15229, "_timestamp": 1631644915, "_step": 29}