{"train_loss": 0.6831755638122559, "train_mse": 0.5284202694892883, "train_pearsonr": 0.709314227104187, "train_poisson": 0.6831774115562439, "val_loss": 0.6802806854248047, "val_mse": 0.5817931294441223, "val_pearsonr": 0.6613202691078186, "val_poisson": 0.6804730296134949, "_runtime": 18822, "_timestamp": 1632142724, "_step": 68}