{"train_loss": 0.36513984203338623, "train_mse": 1.0691653490066528, "train_pearsonr": 0.8514273166656494, "train_poisson": 0.36514830589294434, "val_loss": 0.6176143288612366, "val_mse": 2.805614471435547, "val_pearsonr": 0.586679220199585, "val_poisson": 0.6176372170448303, "_runtime": 4473, "_timestamp": 1632583033, "_step": 72}