{"train_loss": 0.7222793102264404, "train_mse": 0.6922566890716553, "train_pearsonr": 0.5922507047653198, "train_poisson": 0.7222824692726135, "val_loss": 0.7249178290367126, "val_mse": 0.7082339525222778, "val_pearsonr": 0.5762833952903748, "val_poisson": 0.7249792218208313, "_runtime": 8607, "_timestamp": 1631630133, "_step": 29}