{"train_loss": 0.22954778373241425, "train_mse": 0.2295488566160202, "train_pearsonr": 0.7355129718780518, "train_poisson": 0.7518203258514404, "val_loss": 0.2687796652317047, "val_mse": 0.2690046429634094, "val_pearsonr": 0.6741158962249756, "val_poisson": 0.7451909184455872, "_runtime": 18909, "_timestamp": 1632160008, "_step": 69}