{"train_loss": 0.7064602375030518, "train_mse": 0.6792898774147034, "train_pearsonr": 0.662889838218689, "train_poisson": 0.7064592242240906, "val_loss": 0.7068367600440979, "val_mse": 0.7714871168136597, "val_pearsonr": 0.5890644192695618, "val_poisson": 0.7068344354629517, "_runtime": 65387, "_timestamp": 1632643967, "_step": 57}