{"train_loss": 0.7161698937416077, "train_mse": 0.670184314250946, "train_pearsonr": 0.6100858449935913, "train_poisson": 0.7161716818809509, "val_loss": 0.8134470582008362, "val_mse": 0.8232240676879883, "val_pearsonr": 0.49052321910858154, "val_poisson": 0.8135465979576111, "_runtime": 16055, "_timestamp": 1631646896, "_step": 29}