{"train_loss": 0.6964737176895142, "train_mse": 0.5484699606895447, "train_pearsonr": 0.7796356081962585, "train_poisson": 0.6964685916900635, "val_loss": 0.731956958770752, "val_mse": 0.6854068636894226, "val_pearsonr": 0.7166294455528259, "val_poisson": 0.7313621044158936, "_runtime": 4006, "_timestamp": 1632774290, "_step": 55}