{"train_loss": 0.6814636588096619, "train_mse": 0.48284947872161865, "train_pearsonr": 0.7471634745597839, "train_poisson": 0.6814616322517395, "val_loss": 0.6998019814491272, "val_mse": 0.6810175776481628, "val_pearsonr": 0.617760956287384, "val_poisson": 0.6997990608215332, "_runtime": 17571, "_timestamp": 1632596131, "_step": 55}