{"train_loss": -0.7009626626968384, "train_mse": 0.38752231001853943, "train_pearsonr": 0.7223374843597412, "train_poisson": 0.7506653070449829, "val_loss": -0.6510035991668701, "val_mse": 0.3962002694606781, "val_pearsonr": 0.6758065819740295, "val_poisson": 0.7292513847351074, "_runtime": 15072, "_timestamp": 1632155438, "_step": 55}