{"train_loss": 0.7218057513237, "train_mse": 0.6894099712371826, "train_pearsonr": 0.5949366688728333, "train_poisson": 0.7218080163002014, "val_loss": 0.7196800708770752, "val_mse": 0.6933374404907227, "val_pearsonr": 0.5753738284111023, "val_poisson": 0.7196840047836304, "_runtime": 16484, "_timestamp": 1631645823, "_step": 29}