{"train_loss": 0.7583824992179871, "train_mse": 0.4149938225746155, "train_pearsonr": 0.7737425565719604, "train_poisson": 0.7584294676780701, "val_loss": 0.7916989326477051, "val_mse": 0.5781627297401428, "val_pearsonr": 0.6883094906806946, "val_poisson": 0.7914883494377136, "_runtime": 8056, "_timestamp": 1632778551, "_step": 64}