{"train_loss": 0.7160109877586365, "train_mse": 0.6701846122741699, "train_pearsonr": 0.6104521155357361, "train_poisson": 0.7160111665725708, "val_loss": 0.7246931195259094, "val_mse": 0.7013537883758545, "val_pearsonr": 0.5728843808174133, "val_poisson": 0.7246546149253845, "_runtime": 16256, "_timestamp": 1631646540, "_step": 29}