{"train_loss": 0.5674508810043335, "train_mse": 1.7439279556274414, "train_pearsonr": 0.7061455845832825, "train_poisson": 0.5674513578414917, "val_loss": 0.5849080681800842, "val_mse": 1.8548903465270996, "val_pearsonr": 0.6777538657188416, "val_poisson": 0.5857394933700562, "_runtime": 8095, "_timestamp": 1632760231, "_step": 63}