{"train_loss": 0.7079073190689087, "train_mse": 0.7179948091506958, "train_pearsonr": 0.6232348084449768, "train_poisson": 0.7079063653945923, "val_loss": 0.6973155736923218, "val_mse": 0.7153796553611755, "val_pearsonr": 0.6069191098213196, "val_poisson": 0.6973328590393066, "_runtime": 45833, "_timestamp": 1632798430, "_step": 56}