{"train_loss": 0.6972339749336243, "train_mse": 0.5986595153808594, "train_pearsonr": 0.6627770662307739, "train_poisson": 0.6972364187240601, "val_loss": 0.6877889037132263, "val_mse": 0.6040511131286621, "val_pearsonr": 0.6470150351524353, "val_poisson": 0.6878008842468262, "_runtime": 8000, "_timestamp": 1631629235, "_step": 29}