{"train_loss": 0.7207218408584595, "train_mse": 0.6844625473022461, "train_pearsonr": 0.5983173251152039, "train_poisson": 0.7207227349281311, "val_loss": 0.7253139019012451, "val_mse": 0.7016923427581787, "val_pearsonr": 0.5742857456207275, "val_poisson": 0.7253516912460327, "_runtime": 15152, "_timestamp": 1631644054, "_step": 29}