{"train_loss": 0.6832317113876343, "train_mse": 0.5268147587776184, "train_pearsonr": 0.7100675702095032, "train_poisson": 0.6832341551780701, "val_loss": 0.6812333464622498, "val_mse": 0.5868041515350342, "val_pearsonr": 0.6567642092704773, "val_poisson": 0.681129515171051, "_runtime": 19058, "_timestamp": 1632492613, "_step": 71}