{"train_loss": 0.6856819987297058, "train_mse": 0.6856831908226013, "train_pearsonr": 0.6378341317176819, "train_poisson": 0.7130771279335022, "val_loss": 0.7127204537391663, "val_mse": 0.7124866843223572, "val_pearsonr": 0.5970779657363892, "val_poisson": 0.7034966349601746, "_runtime": 14719, "_timestamp": 1632138611, "_step": 55}