{"train_loss": 0.7271793484687805, "train_mse": 0.7986205220222473, "train_pearsonr": 0.5657129287719727, "train_poisson": 0.7271807193756104, "val_loss": 0.7093278169631958, "val_mse": 0.7563251852989197, "val_pearsonr": 0.5708417296409607, "val_poisson": 0.7092663645744324, "_runtime": 10892, "_timestamp": 1632037064, "_step": 39}