{"train_loss": 0.7198747396469116, "train_mse": 0.7689217329025269, "train_pearsonr": 0.5861050486564636, "train_poisson": 0.7198741436004639, "val_loss": 0.7047150731086731, "val_mse": 0.738711416721344, "val_pearsonr": 0.5867335200309753, "val_poisson": 0.7047680616378784, "_runtime": 27027, "_timestamp": 1632082818, "_step": 39}