{"train_loss": 0.7254316210746765, "train_mse": 0.791355311870575, "train_pearsonr": 0.5703394412994385, "train_poisson": 0.7254323363304138, "val_loss": 0.7080833911895752, "val_mse": 0.7513846158981323, "val_pearsonr": 0.5747671723365784, "val_poisson": 0.7080413699150085, "_runtime": 13245, "_timestamp": 1631996812, "_step": 39}