{"train_loss": 0.3997543454170227, "train_mse": 1.627803087234497, "train_pearsonr": 0.7829912304878235, "train_poisson": 0.3997454047203064, "val_loss": 0.43852946162223816, "val_mse": 1.9837030172348022, "val_pearsonr": 0.730053186416626, "val_poisson": 0.4381222426891327, "_runtime": 6278, "_timestamp": 1632520044, "_step": 56}