{"train_loss": 0.680985689163208, "train_mse": 0.6270301342010498, "train_pearsonr": 0.6823160648345947, "train_poisson": 0.6809852719306946, "val_loss": 0.6689444184303284, "val_mse": 0.6224589347839355, "val_pearsonr": 0.6671494245529175, "val_poisson": 0.66893470287323, "_runtime": 228978, "_timestamp": 1636008935, "_step": 62}