{"train_loss": 0.7062305212020874, "train_mse": 0.7128835320472717, "train_pearsonr": 0.6189537644386292, "train_poisson": 0.7062322497367859, "val_loss": 0.6893375515937805, "val_mse": 0.6816152334213257, "val_pearsonr": 0.6278324127197266, "val_poisson": 0.6892902255058289, "_runtime": 14677, "_timestamp": 1647911640, "_step": 45}