{"train_loss": 0.7205917835235596, "train_mse": 0.7737908959388733, "train_pearsonr": 0.5835647583007812, "train_poisson": 0.7205919623374939, "val_loss": 0.7053560614585876, "val_mse": 0.7407958507537842, "val_pearsonr": 0.5859619379043579, "val_poisson": 0.7053998112678528, "_runtime": 14592, "_timestamp": 1632058066, "_step": 39}