{"train_loss": 0.7035346031188965, "train_mse": 0.7201205492019653, "train_pearsonr": 0.6214116215705872, "train_poisson": 0.7035343050956726, "val_loss": 0.6900156736373901, "val_mse": 0.6991873979568481, "val_pearsonr": 0.6250775456428528, "val_poisson": 0.6899555921554565, "_runtime": 209316, "_timestamp": 1635135153, "_step": 87}