{"train_loss": 0.7149324417114258, "train_mse": 0.7495593428611755, "train_pearsonr": 0.6003579497337341, "train_poisson": 0.714934229850769, "val_loss": 0.699537992477417, "val_mse": 0.7190214991569519, "val_pearsonr": 0.6015061736106873, "val_poisson": 0.6995278596878052, "_runtime": 28408, "_timestamp": 1632092293, "_step": 39}