{"train_loss": 0.5925747752189636, "train_mse": 0.9389428496360779, "train_pearsonr": 0.7741138339042664, "train_poisson": 0.5925677418708801, "val_loss": 0.6294006705284119, "val_mse": 1.150951623916626, "val_pearsonr": 0.7089876532554626, "val_poisson": 0.6293126344680786, "_runtime": 4659, "_timestamp": 1632765718, "_step": 58}