{"train_loss": 0.7269555926322937, "train_mse": 0.7975664138793945, "train_pearsonr": 0.566034734249115, "train_poisson": 0.7269548177719116, "val_loss": 0.71124666929245, "val_mse": 0.7592976093292236, "val_pearsonr": 0.5718449950218201, "val_poisson": 0.7112221717834473, "_runtime": 10398, "_timestamp": 1631993614, "_step": 39}