{"train_loss": 0.46628448367118835, "train_mse": 1.8794509172439575, "train_pearsonr": 0.7544148564338684, "train_poisson": 0.46628183126449585, "val_loss": 0.595689594745636, "val_mse": 2.9298949241638184, "val_pearsonr": 0.583742082118988, "val_poisson": 0.5959148406982422, "_runtime": 12277, "_timestamp": 1632506140, "_step": 55}