{"train_loss": 0.6659084558486938, "train_mse": 0.5458828806877136, "train_pearsonr": 0.7293538451194763, "train_poisson": 0.6659097671508789, "val_loss": 0.6874229907989502, "val_mse": 0.720359742641449, "val_pearsonr": 0.6045584082603455, "val_poisson": 0.6873981356620789, "_runtime": 199123, "_timestamp": 1633591499, "_step": 71}