{"train_loss": 0.14650820195674896, "train_mse": 0.1465083211660385, "train_pearsonr": 0.7278518676757812, "train_poisson": 0.7868763208389282, "val_loss": 0.16788558661937714, "val_mse": 0.16794952750205994, "val_pearsonr": 0.6717937588691711, "val_poisson": 0.7771306037902832, "_runtime": 16208, "_timestamp": 1632159313, "_step": 57}