{"train_loss": 0.7192068099975586, "train_mse": 0.768970251083374, "train_pearsonr": 0.587851881980896, "train_poisson": 0.7192078828811646, "val_loss": 0.7055937051773071, "val_mse": 0.7426469326019287, "val_pearsonr": 0.5871056914329529, "val_poisson": 0.7055639624595642, "_runtime": 26807, "_timestamp": 1632080288, "_step": 39}