{"train_loss": 0.7183895111083984, "train_mse": 0.6782476902008057, "train_pearsonr": 0.6036603450775146, "train_poisson": 0.7183889150619507, "val_loss": 0.721603274345398, "val_mse": 0.6909949779510498, "val_pearsonr": 0.574865996837616, "val_poisson": 0.7216570377349854, "_runtime": 16618, "_timestamp": 1631646258, "_step": 29}