{"train_loss": 0.3456927537918091, "train_mse": 1.655842900276184, "train_pearsonr": 0.798940896987915, "train_poisson": 0.34562692046165466, "val_loss": 0.40092894434928894, "val_mse": 2.1332802772521973, "val_pearsonr": 0.7355374693870544, "val_poisson": 0.40065526962280273, "_runtime": 27871, "_timestamp": 1633044321, "_step": 39}