{"train_loss": 0.7053377628326416, "train_mse": 0.7042620182037354, "train_pearsonr": 0.6318637132644653, "train_poisson": 0.7053385376930237, "val_loss": 0.6948023438453674, "val_mse": 0.7031350135803223, "val_pearsonr": 0.6110296249389648, "val_poisson": 0.6949787139892578, "_runtime": 47147, "_timestamp": 1632625672, "_step": 59}