{"train_loss": 0.713668704032898, "train_mse": 0.7469115853309631, "train_pearsonr": 0.6034393906593323, "train_poisson": 0.7136659622192383, "val_loss": 0.698630154132843, "val_mse": 0.717557966709137, "val_pearsonr": 0.6019361615180969, "val_poisson": 0.6985620260238647, "_runtime": 29872, "_timestamp": 1632043390, "_step": 39}