{"train_loss": 0.7147316932678223, "train_mse": 0.7513236999511719, "train_pearsonr": 0.6010010242462158, "train_poisson": 0.7147319316864014, "val_loss": 0.7009257674217224, "val_mse": 0.7262721657752991, "val_pearsonr": 0.5990827083587646, "val_poisson": 0.7008472681045532, "_runtime": 16767, "_timestamp": 1632079072, "_step": 39}