{"train_loss": -0.6647055149078369, "train_mse": 0.6634488701820374, "train_pearsonr": 0.6895624995231628, "train_poisson": 0.7331522703170776, "val_loss": -0.6115311980247498, "val_mse": 0.6889378428459167, "val_pearsonr": 0.633215069770813, "val_poisson": 0.7135602831840515, "_runtime": 19129, "_timestamp": 1632143031, "_step": 70}