{"train_loss": 0.40655776858329773, "train_mse": 1.6657034158706665, "train_pearsonr": 0.7765992283821106, "train_poisson": 0.40654537081718445, "val_loss": 0.43931013345718384, "val_mse": 1.9822354316711426, "val_pearsonr": 0.7298093438148499, "val_poisson": 0.4391549825668335, "_runtime": 4773, "_timestamp": 1632756918, "_step": 55}