{"train_loss": 0.7047703862190247, "train_mse": 0.626369833946228, "train_pearsonr": 0.6426827907562256, "train_poisson": 0.7047713994979858, "val_loss": 0.69173663854599, "val_mse": 0.6186144351959229, "val_pearsonr": 0.6330885291099548, "val_poisson": 0.6918670535087585, "_runtime": 8135, "_timestamp": 1631621348, "_step": 29}