{"train_loss": 0.6770965456962585, "train_mse": 0.4987518787384033, "train_pearsonr": 0.7274205088615417, "train_poisson": 0.677096962928772, "val_loss": 0.6845932602882385, "val_mse": 0.6039308309555054, "val_pearsonr": 0.6466642022132874, "val_poisson": 0.684697151184082, "_runtime": 166792, "_timestamp": 1633700939, "_step": 60}