{"train_loss": 0.681847870349884, "train_mse": 0.513093888759613, "train_pearsonr": 0.7290852069854736, "train_poisson": 0.6818446516990662, "val_loss": 0.6872433423995972, "val_mse": 0.6210973858833313, "val_pearsonr": 0.6543023586273193, "val_poisson": 0.6872469186782837, "_runtime": 240136, "_timestamp": 1633636081, "_step": 60}