{"train_loss": 0.4821878969669342, "train_mse": 2.038254976272583, "train_pearsonr": 0.730840802192688, "train_poisson": 0.48219722509384155, "val_loss": 0.545548141002655, "val_mse": 2.581411600112915, "val_pearsonr": 0.6393661499023438, "val_poisson": 0.5454481840133667, "_runtime": 13881, "_timestamp": 1632592461, "_step": 61}