{"train_loss": 0.3538845181465149, "train_mse": 1.1006423234939575, "train_pearsonr": 0.848676860332489, "train_poisson": 0.3538826107978821, "val_loss": 0.478627473115921, "val_mse": 1.948102593421936, "val_pearsonr": 0.7175260186195374, "val_poisson": 0.47878336906433105, "_runtime": 43712, "_timestamp": 1633395141, "_step": 55}