{"train_loss": 0.7119301557540894, "train_mse": 0.32379016280174255, "train_pearsonr": 0.7392222285270691, "train_poisson": 0.7119320631027222, "val_loss": 0.7086480855941772, "val_mse": 0.37047624588012695, "val_pearsonr": 0.6856728792190552, "val_poisson": 0.7086430191993713, "_runtime": 31471, "_timestamp": 1632794674, "_step": 67}