{"train_loss": 0.5193158388137817, "train_mse": 1.4625117778778076, "train_pearsonr": 0.7536658644676208, "train_poisson": 0.5193250179290771, "val_loss": 0.5508115887641907, "val_mse": 1.6837483644485474, "val_pearsonr": 0.7049245238304138, "val_poisson": 0.5498880743980408, "_runtime": 3984, "_timestamp": 1632756129, "_step": 59}