{"train_loss": 0.7075941562652588, "train_mse": 0.7160544991493225, "train_pearsonr": 0.6239849328994751, "train_poisson": 0.7075930833816528, "val_loss": 0.6967059969902039, "val_mse": 0.7160657048225403, "val_pearsonr": 0.60445237159729, "val_poisson": 0.6968321800231934, "_runtime": 44429, "_timestamp": 1632344571, "_step": 55}