{"train_loss": 0.5699247717857361, "train_mse": 1.7980992794036865, "train_pearsonr": 0.6986232399940491, "train_poisson": 0.5698997378349304, "val_loss": 0.5855262279510498, "val_mse": 1.8929705619812012, "val_pearsonr": 0.6727417707443237, "val_poisson": 0.5853086709976196, "_runtime": 14056, "_timestamp": 1632831296, "_step": 70}