{"train_loss": 0.6754324436187744, "train_mse": 0.598701536655426, "train_pearsonr": 0.7103490829467773, "train_poisson": 0.675428569316864, "val_loss": 0.6772528886795044, "val_mse": 0.6759533882141113, "val_pearsonr": 0.6547658443450928, "val_poisson": 0.6772536039352417, "_runtime": 229801, "_timestamp": 1633533344, "_step": 57}