{"train_loss": 0.7096060514450073, "train_mse": 0.7262325882911682, "train_pearsonr": 0.6168929934501648, "train_poisson": 0.7096053957939148, "val_loss": 0.6977943181991577, "val_mse": 0.7176344394683838, "val_pearsonr": 0.6062067747116089, "val_poisson": 0.6979039907455444, "_runtime": 31581, "_timestamp": 1632110095, "_step": 39}