{"train_loss": 0.7138701677322388, "train_mse": 0.7468593716621399, "train_pearsonr": 0.6030512452125549, "train_poisson": 0.7138703465461731, "val_loss": 0.6991024613380432, "val_mse": 0.7188835740089417, "val_pearsonr": 0.6020786166191101, "val_poisson": 0.6990832090377808, "_runtime": 28961, "_timestamp": 1632049856, "_step": 39}