{"train_loss": 0.7422164082527161, "train_mse": 0.22183455526828766, "train_pearsonr": 0.7463909387588501, "train_poisson": 0.7422168254852295, "val_loss": 0.7379685044288635, "val_mse": 0.25601670145988464, "val_pearsonr": 0.6902140974998474, "val_poisson": 0.737943708896637, "_runtime": 16673, "_timestamp": 1632157346, "_step": 61}