{"train_loss": -0.7091752290725708, "train_mse": 52650.79296875, "train_pearsonr": 0.7091330289840698, "train_poisson": 180.31698608398438, "val_loss": -0.6552326679229736, "val_mse": 51703.80859375, "val_pearsonr": 0.6784475445747375, "val_poisson": 181.14495849609375, "_runtime": 17164, "_timestamp": 1632158426, "_step": 61}