{"train_loss": 0.5997600555419922, "train_mse": 0.5997598767280579, "train_pearsonr": 0.6860902309417725, "train_poisson": 0.6967212557792664, "val_loss": 0.6607521772384644, "val_mse": 0.6610899567604065, "val_pearsonr": 0.6272217035293579, "val_poisson": 0.691460132598877, "_runtime": 18466, "_timestamp": 1632142367, "_step": 68}