{"train_loss": 0.7035976052284241, "train_mse": 0.6451240181922913, "train_pearsonr": 0.6829631924629211, "train_poisson": 0.7035972476005554, "val_loss": 0.7168463468551636, "val_mse": 0.8239203095436096, "val_pearsonr": 0.5530147552490234, "val_poisson": 0.7168416380882263, "_runtime": 71894, "_timestamp": 1632545625, "_step": 64}