{"train_loss": 0.704307496547699, "train_mse": 0.6241006255149841, "train_pearsonr": 0.644419252872467, "train_poisson": 0.7043078541755676, "val_loss": 0.691871166229248, "val_mse": 0.6183653473854065, "val_pearsonr": 0.6318848729133606, "val_poisson": 0.691790759563446, "_runtime": 8231, "_timestamp": 1631621517, "_step": 29}