{"train_loss": 0.7160358428955078, "train_mse": 0.6704244613647461, "train_pearsonr": 0.610942542552948, "train_poisson": 0.7160366177558899, "val_loss": 0.7980790138244629, "val_mse": 0.8235117793083191, "val_pearsonr": 0.46792805194854736, "val_poisson": 0.7980952858924866, "_runtime": 16024, "_timestamp": 1631646896, "_step": 29}