{"train_loss": 0.7157415151596069, "train_mse": 0.6671507954597473, "train_pearsonr": 0.6120830774307251, "train_poisson": 0.715743899345398, "val_loss": 0.769713282585144, "val_mse": 0.8360380530357361, "val_pearsonr": 0.448765367269516, "val_poisson": 0.7697378993034363, "_runtime": 16186, "_timestamp": 1631648702, "_step": 29}