{"train_loss": 0.7273046374320984, "train_mse": 0.7965327501296997, "train_pearsonr": 0.5658828616142273, "train_poisson": 0.7273038029670715, "val_loss": 0.7097110152244568, "val_mse": 0.7567717432975769, "val_pearsonr": 0.5724631547927856, "val_poisson": 0.7096652388572693, "_runtime": 26539, "_timestamp": 1632063438, "_step": 39}