{"train_loss": 0.7164607048034668, "train_mse": 0.7523233890533447, "train_pearsonr": 0.5974757075309753, "train_poisson": 0.7164613604545593, "val_loss": 0.701762318611145, "val_mse": 0.7311970591545105, "val_pearsonr": 0.591836154460907, "val_poisson": 0.7017585635185242, "_runtime": 28546, "_timestamp": 1632086656, "_step": 39}