{"train_loss": 0.7211653590202332, "train_mse": 0.775823712348938, "train_pearsonr": 0.5826500654220581, "train_poisson": 0.721167802810669, "val_loss": 0.7052246928215027, "val_mse": 0.7399533987045288, "val_pearsonr": 0.5851153135299683, "val_poisson": 0.7053343057632446, "_runtime": 27472, "_timestamp": 1632024370, "_step": 39}