{"train_loss": 0.5972148776054382, "train_mse": 0.7824113368988037, "train_pearsonr": 0.7925503849983215, "train_poisson": 0.5972020030021667, "val_loss": 0.636633038520813, "val_mse": 0.9854177832603455, "val_pearsonr": 0.7274643182754517, "val_poisson": 0.6352567076683044, "_runtime": 4193, "_timestamp": 1632770207, "_step": 61}