{"train_loss": 0.7113041877746582, "train_mse": 0.32132688164711, "train_pearsonr": 0.7418874502182007, "train_poisson": 0.7113044857978821, "val_loss": 0.7095082402229309, "val_mse": 0.37140941619873047, "val_pearsonr": 0.6836552023887634, "val_poisson": 0.7096005082130432, "_runtime": 15905, "_timestamp": 1632154779, "_step": 59}