{"train_loss": 0.7025789022445679, "train_mse": 0.6778230667114258, "train_pearsonr": 0.6494813561439514, "train_poisson": 0.7025812268257141, "val_loss": 0.6981130838394165, "val_mse": 0.7224500775337219, "val_pearsonr": 0.5972750186920166, "val_poisson": 0.6980962157249451, "_runtime": 52630, "_timestamp": 1632631155, "_step": 66}