{"train_loss": 0.46857431530952454, "train_mse": 1.895310640335083, "train_pearsonr": 0.752216637134552, "train_poisson": 0.4685822129249573, "val_loss": 0.5937990546226501, "val_mse": 2.9117507934570312, "val_pearsonr": 0.5869731903076172, "val_poisson": 0.5944799780845642, "_runtime": 12352, "_timestamp": 1632486083, "_step": 55}