{"train_loss": 0.6975786685943604, "train_mse": 0.5987105369567871, "train_pearsonr": 0.6619030237197876, "train_poisson": 0.6975793838500977, "val_loss": 0.6878271102905273, "val_mse": 0.6095751523971558, "val_pearsonr": 0.6461489200592041, "val_poisson": 0.6878594756126404, "_runtime": 8445, "_timestamp": 1631629673, "_step": 29}