{"train_loss": 0.6167759299278259, "train_mse": 1.5302062034606934, "train_pearsonr": 0.6944172382354736, "train_poisson": 0.616766095161438, "val_loss": 0.6331844329833984, "val_mse": 1.61150324344635, "val_pearsonr": 0.6645501852035522, "val_poisson": 0.6323673129081726, "_runtime": 10204, "_timestamp": 1632762340, "_step": 65}