{"train_loss": 0.7207350134849548, "train_mse": 0.7738417387008667, "train_pearsonr": 0.583674967288971, "train_poisson": 0.7207371592521667, "val_loss": 0.7055805921554565, "val_mse": 0.7428847551345825, "val_pearsonr": 0.5837621092796326, "val_poisson": 0.7056973576545715, "_runtime": 15289, "_timestamp": 1632010362, "_step": 39}