{"train_loss": 0.7266448140144348, "train_mse": 0.797049880027771, "train_pearsonr": 0.5671354532241821, "train_poisson": 0.7266460061073303, "val_loss": 0.7090533971786499, "val_mse": 0.7519700527191162, "val_pearsonr": 0.5744985342025757, "val_poisson": 0.7090179324150085, "_runtime": 10986, "_timestamp": 1632035809, "_step": 39}